rxn,psi_1_dihedral_sin,psi_1_dihedral_cos
rmg_rxn_86,-0.7247697797808156,0.6889911220882807
rxn_618,-0.9233383798265601,0.3839872866896286
rxn_1833,-0.7987664984391507,-0.6016411563143417
rmg_rxn_182,0.5659570692744303,0.8244347128416523
rxn_1240,-0.3868022294924846,-0.9221626945716483
rmg_rxn_157,-0.9329775182587602,-0.3599346474343986
rxn_563,-0.6030844539456144,-0.797677341667118
rmg_rxn_521,0.9176195598591056,-0.39745986384033977
kfir_rxn_13503,-0.9802688165072226,0.19766903496382288
rxn_1423,0.26566101516702056,-0.9640665044593283
rxn_1605,0.00021439666529353304,-0.9999999770170347
rxn_1794,-0.0004989961105064347,0.9999998755014331
rxn_1827,0.2251644494954762,0.9743207740181871
rmg_rxn_320,-0.09864279470202963,0.995122906506213
rxn_1362,-0.06321303904994996,0.9980000559589511
rxn_422,-0.9664581514207803,-0.25682414518952107
rmg_rxn_15515,0.7388403545488694,0.673880501639646
rxn_3226,0.8410315914935357,0.5409860091627605
rxn_37,0.5756313739164172,0.8177093134868271
rxn_51,0.0021629083486734554,-0.999997660911002
rxn_629,-0.804944175122757,0.5933505497898728
rxn_1897,0.9809295720652191,-0.19436351161662552
rxn_1023,-0.25246334006591625,-0.9676064602527008
rmg_rxn_214,-0.9896015735288279,0.1438357593551333
rmg_rxn_206,-0.60134842961017,0.798986899895976
rmg_rxn_501,0.7473708524412611,-0.6644071108298155
rxn_1849,-0.8675747591836269,0.4973067838140475
rxn_1438,0.7485769874270162,0.6630478820527917
rxn_1287,0.8627519448959758,-0.5056274137922221
rxn_1170,-0.9662226085868958,-0.2577088874205437
rxn_1496,0.7206502748392606,0.6932987677575217
rxn_921,0.4798696024455561,0.8773398227874669
rmg_rxn_55,0.2781493566826091,-0.9605378365150696
rmg_rxn_15423,0.7892903667767797,-0.614020127449725
rmg_rxn_16609,-0.19714930882164503,0.9803734747692573
rxn_1657,-0.3416428486560207,-0.9398298590501365
rmg_rxn_15619,-0.8989190175702062,0.43811482496100873
rxn_1040,0.764394814079292,0.6447484534364426
rmg_rxn_504,0.030740670090949294,0.9995273939229277
rxn_1220,-0.22535739023915258,-0.9742761655016499
rxn_253,0.8735710734333946,-0.48669659918724195
rmg_rxn_60,0.25453619886955187,0.9670632468794582
rxn_1027,0.13935148402172226,-0.9902429822528124
rmg_rxn_16633,0.37156705491092895,0.9284061200276627
rmg_rxn_16469,0.1879132975839803,0.9821856202323034
rxn_1414,0.9929360835686738,0.11865046964636809
rxn_776,0.42514242718209555,0.905126464428986
rmg_rxn_15405,0.9223598817903561,0.38633178546901936
rmg_rxn_1156,-0.6180074795868689,0.7861722172493033
rmg_rxn_16527,0.5014414694008241,0.8651915699803959
rmg_rxn_151,0.15157438718582844,0.9884458534230596
rxn_1586,0.7993639392361838,-0.6008471458272983
rmg_rxn_28,-0.5828426534242509,0.8125850363804261
rxn_1880,-0.9035845461524319,0.4284098130931454
rxn_1320,0.00031615974754267765,0.9999999500215058
rmg_rxn_506,0.4968176531339188,0.8678549530506265
rxn_927,0.9094065267868015,0.41590836615481375
rmg_rxn_63,0.5524620775652036,-0.8335380332368397
rxn_1369,0.8746373713765888,0.48477775174965604
rmg_rxn_15701,0.6544522043786866,0.7561033740064105
rxn_1969,-0.5876270074183234,0.809131942363287
rxn_660,0.9604281948180438,0.27852770526206855
rxn_1135,-0.8913102664464733,0.45339387835205375
rmg_rxn_524,0.5369527669944346,0.8436123078861643
rxn_1233,0.0005920621260670832,0.9999998247312041
rxn_1843,-0.9637696047248504,0.2667361036839701
rmg_rxn_346,-0.38006192581666065,0.9249610437983489
rmg_rxn_15618,-0.848502069629357,0.5291920613866933
rxn_1918,-0.34538310813294903,0.9384617779198169
rmg_rxn_618,-0.8344175475666458,-0.5511327937193218
rxn_1036,-0.5624204084005243,0.8268514281384458
rxn_1649,0.9088329535331209,0.417160236087123
rxn_334,3.568384153799105e-05,0.9999999993633317
rxn_872,0.9758086496571053,-0.21862634620369223
rmg_rxn_396,-0.3899910452359632,0.9208186491572382
rmg_rxn_275,0.02043272824545541,0.9997912300157705
rxn_938,-0.9446131233194662,-0.32818599490630734
rxn_1005,-0.5284093978686635,0.8489896985500334
rmg_rxn_16613,-0.20572502627424413,0.9786098372510168
rxn_1658,0.20543211461243324,-0.9786713678686345
rxn_1510,-0.28462587235896003,-0.9586386768662638
rmg_rxn_1162,0.2696182146842743,0.9629672986713851
rxn_1874,-0.25936581938919223,0.9657791526703053
rmg_rxn_15599,0.2877071004229691,0.957718447335232
rxn_1488,0.3283509319633666,0.9445558032635174
rmg_rxn_64,0.9923498081937324,0.12345792067689455
rxn_577,-0.7942596566093457,0.6075784705557005
rmg_rxn_642,0.2531930174478886,0.9674157823374773
rmg_rxn_16548,0.0890779581191464,0.9960246570127286
rxn_97,0.9969181541444829,0.07844867071631567
rxn_32,-0.05238762074596863,0.9986268257925863
rxn_437,0.8334624644984274,0.5525760764566338
rxn_573,-0.38030105886687476,0.9248627490740093
rxn_1908,0.0030304333830530835,-0.9999954082262132
rmg_rxn_174,-0.20308071606773465,0.9791620002642137
rmg_rxn_15490,0.8776334219441198,0.47933242816093163
rxn_711,0.20744503177508825,0.9782466758399093
rxn_1837,0.08371984125474931,0.996489331694163
rxn_228,0.2644521947706919,0.9643987954580636
rmg_rxn_663,-0.2443731728300339,0.9696812633030414
rmg_rxn_16700,-0.8713262912680839,0.49070408001666976
rmg_rxn_258,0.9312928012095385,-0.364271489984175
rmg_rxn_634,-0.500980328523403,0.8654586705513921
rxn_1239,0.8967993113151101,-0.44243756082044416
rmg_rxn_15672,0.031758738022531596,0.9994955640517952
rmg_rxn_1496,-0.4423188574810776,0.8968578640546305
rmg_rxn_176,0.8571837262018221,0.5150107373004563
rmg_rxn_507,0.08699437746493498,0.9962088025557134
rxn_1957,-0.878168341836277,0.47835171516001046
rxn_1219,0.8961798444498051,-0.44369098075341024
rxn_704,-0.6699429951510276,0.7424125424910804
rxn_433,-0.8506974468615667,0.5256556419398652
rmg_rxn_42,-0.997480829801203,-0.07093655037499043
rmg_rxn_15591,-0.6262652604791452,0.779610045803021
rxn_197,0.10171402157173184,0.9948136799500222
rxn_1371,0.876520972758386,-0.48136367157762605
rmg_rxn_511,0.43168809171362077,0.9020229439834957
rmg_rxn_499,0.9045248444683505,0.42642092554130867
rxn_347,0.8678085522074784,-0.4968986986454685
rmg_rxn_383,-0.041047107520343795,-0.9991572123365838
rxn_1603,0.0004911757812148571,0.9999998793731687
rxn_1067,0.9928823764429224,-0.11909906191509152
rmg_rxn_226,-0.9375404528841386,0.34787626996649884
rxn_91,0.4318119775825036,-0.9019636445091828
rxn_590,-0.8572552570787423,-0.5148916625959867
rxn_928,0.8441692344810718,0.5360767702070676
rxn_778,-0.5117533266810014,0.8591324302055698
rxn_900,-0.6089307091773779,0.7932234183511828
rxn_1913,0.979085272055517,0.20345031345263231
rxn_881,-0.7978918275764121,0.6028006565082467
rxn_1054,0.8615041563129541,0.5077505181243098
rxn_1140,0.9954844631161861,-0.0949246211173831
rxn_1865,-0.9939774020573425,0.10958523714139638
rmg_rxn_227,-0.6810950689898642,0.7321949924696919
rmg_rxn_664,0.45786427392482615,0.889022106959828
rxn_871,0.9898736280630822,0.14195140177268661
rmg_rxn_16774,0.9999516592087019,0.009832560488708952
rxn_780,0.016203276434808143,0.9998687182989461
rxn_1209,-0.6173359373550401,-0.7866996507244515
rmg_rxn_302,0.8001659807873129,0.5997786284877759
rxn_944,-0.30880383977857234,0.9511257480154818
rmg_rxn_1532,0.5380310616681486,0.8429250124893939
rxn_1989,-0.900191835886193,0.43549358043930486
rxn_581,-0.7299359594935221,0.6835155411826942
kfir_rxn_13897,-0.0008254502220863501,0.9999996593159074
rxn_1228,0.9617950952150981,0.27377033224982655
rxn_554,0.7047881138349467,-0.7094178702266938
rmg_rxn_15711,0.7966827610186015,-0.6043976987843169
rxn_1926,0.39890599670343924,-0.9169918242787314
rmg_rxn_15371,-0.5247768324953708,0.851239846386508
rxn_1265,0.8909578480623339,0.45408601935771503
rxn_1177,-0.9774524600797457,0.2111556020664692
rmg_rxn_199,0.9944491514873521,-0.10521827363193766
rmg_rxn_1523,0.9974849386677062,0.07087874950281314
rmg_rxn_53,-0.11248172784280895,0.9936537932808873
rmg_rxn_61,-0.9626017889113739,-0.2709202760677441
rmg_rxn_16791,0.4574480107851472,0.8892363675810341
rmg_rxn_15590,-0.7221691253194635,0.6917165275134901
rxn_366,0.00010088936678304044,-0.9999999949106678
rxn_1310,-0.693357836855677,-0.7205934429835013
rxn_935,0.9651114601668159,0.2618393962998627
rxn_931,-0.9796077413023948,-0.20091956893349222
rxn_1276,0.3412155348933586,-0.9399850843217882
rxn_3174,-0.0674607137899126,0.9977219312488603
rxn_1910,-0.7909122631224814,-0.6119295646089301
rxn_890,0.9990574420202266,0.043407689917818286
kfir_rxn_13108,0.5386836553804702,0.8425081123798956
rxn_715,-0.00019544291580897156,0.9999999809010331
rxn_1325,0.47197348191863264,0.881612745124299
rxn_1499,0.6850409799015728,0.7285045338606294
rmg_rxn_16713,-0.00034100746885564457,-0.9999999418569514
kfir_rxn_13712,0.9655029828831806,0.26039199304832833
rmg_rxn_15517,0.9949356767777878,0.10051367605816257
rxn_143,0.9720840661475493,-0.23463283730553805
rmg_rxn_48,0.09794286217600601,0.9951920396329403
rmg_rxn_606,0.10407765061665945,0.9945691743876424
rmg_rxn_26,-0.9996599038464786,0.026078279115944365
rmg_rxn_1449,-0.4598322070994819,0.8880058227928571
rxn_843,-0.0018331889516863078,0.999998319707722
rmg_rxn_15421,-0.6045332810454402,0.7965798843232452
rxn_949,-1.4901161515472184e-08,-0.9999999999999999
rxn_1824,0.2790242898003355,0.9602840442813878
rmg_rxn_15477,0.9298255029219697,-0.3680007257002438
rxn_256,0.9999069286991875,-0.01364309126840565
rmg_rxn_16532,-0.209800125895266,0.9777442953933971
rxn_596,0.8519950891142799,-0.5235497761676059
rxn_1215,-0.4357888947832126,0.9000489093286131
rxn_1000,0.9931613238997999,-0.11675009511600733
rmg_rxn_339,-0.7924356819883488,0.6099554819096722
rxn_1216,0.005875404270897672,0.9999827396633671
rxn_1349,0.8827130498247342,0.46991240850728383
rxn_1237,0.9835206640840238,0.18079575028114114
rmg_rxn_187,0.8519257437149792,0.5236626081702603
rxn_415,-0.8475912075268928,0.5306497384557008
rxn_1396,-0.6991354954855226,-0.714989201982948
rxn_604,0.965008948357906,0.2622169513764668
rxn_912,0.8113123634491907,-0.5846129051898259
rxn_1982,-0.9974626227781883,-0.07119210743093365
rmg_rxn_16804,0.705872064227285,0.7083393458953918
rxn_1478,0.9999406622734958,0.01089366476640256
rxn_1180,-0.6931592384018901,-0.7207844825036896
rxn_114,0.1575988042542919,0.987503223740367
rxn_867,0.00015650215967116153,0.9999999877535369
rxn_1997,0.9651981304753632,0.2615197295174185
rxn_1181,-0.8571325132178876,-0.5150959665778676
rmg_rxn_1130,-0.018053862510571467,-0.9998370157422906
rmg_rxn_171,0.5756391828267076,0.8177038163018443
rmg_rxn_52,-0.03856592609802029,0.9992560579472121
rxn_1314,-0.7933407084116831,-0.6087778908410264
rmg_rxn_311,0.1602982049034834,0.9870686326212179
rmg_rxn_528,-0.860869269544692,-0.5088261989654113
rxn_1422,-0.3025953652723999,-0.9531191137080731
rmg_rxn_1563,-0.2687813250856759,0.9632012247112169
rxn_552,-0.8375315278009102,-0.5463890005659641
rmg_rxn_1500,-0.00020630532283197282,-0.9999999787190567
rxn_1884,-0.9061255832297365,0.42300877936110265
rxn_1529,0.9459837622356929,0.324214005845528
rmg_rxn_15585,0.5480707081168545,0.8364320049497685
rmg_rxn_610,0.270256392999238,0.9627883890258759
rxn_779,0.6153162874833213,0.7882803221936614
rmg_rxn_12,0.6005681892956816,0.7995735425876136
rxn_1088,0.24935920483318866,0.9684110630124791
rxn_1671,-0.028349450794012906,-0.9995980735474023
rmg_rxn_1345,-0.10995969713359557,-0.9939360467385655
rxn_1494,-0.5293006965234894,0.8484343066258866
rmg_rxn_368,0.4480506822725824,0.8940081577452599
rmg_rxn_15664,0.11825374680384762,0.9929834094116837
rxn_409,-0.9927162920989335,-0.12047557180335265
rxn_124,-0.7954798431653818,0.6059800484484449
rmg_rxn_16480,-0.3646163905566359,0.9311578210687224
rxn_1026,-0.7524654813997294,0.6586316871377155
rxn_1795,4.3631709395474834e-05,0.999999999048137
rxn_389,0.2990016052652135,0.9542526080911833
rxn_1893,0.022415943076696032,-0.9997487311799812
rxn_1592,0.5110082958740353,-0.8595757799914527
rxn_993,-0.00039185909199242604,-0.9999999232232231
rxn_484,-0.8750823698932291,-0.48397401366400844
rxn_550,0.260276754808937,0.9655340547625073
rmg_rxn_15509,0.37579018791286617,-0.9267047721191538
rxn_2003,0.9696611393751229,0.24445301140656575
rxn_1353,-0.09616045187153736,0.9953658460565451
rxn_985,-0.9956174255493769,-0.09351974092367328
rxn_396,-0.539096017452164,0.8422443137042933
rxn_1249,-0.9859916763610658,-0.16679452672883285
rmg_rxn_16531,-0.26660978486160664,0.9638045562332893
rxn_1862,-0.008131878387925725,0.999966935730319
rmg_rxn_21,-0.8523040212284593,0.5230467047958509
rmg_rxn_15486,-0.03530560242031572,0.9993765628819492
rmg_rxn_87,0.9982421838772378,-0.05926670505438037
rmg_rxn_354,0.9883617043039936,0.15212212681035298
rxn_1949,-0.8599068070721929,0.5104510585265805
rxn_1030,-0.7377967075310843,0.6750229761691758
rmg_rxn_15508,-0.227970799302109,0.9736679694154253
rmg_rxn_638,0.6731547342733315,0.7395016590416822
rmg_rxn_16505,-0.16969351429720322,0.9854968854367145
rxn_1945,-0.9434862152575237,-0.3314117704895733
rmg_rxn_15612,-0.9396725028138545,0.3420754119423767
rxn_1253,-0.16486748559647552,-0.9863157264249091
rxn_1103,0.9865439473415402,0.1634962995415263
rxn_722,-0.8835034724836995,0.468424608778451
rxn_1286,-0.9169635435565894,0.3989710011869819
rmg_rxn_233,-0.9573138642296877,-0.289050454685031
rmg_rxn_16802,-0.3266822678802531,-0.9451342210779454
rxn_1183,-0.9957207036062793,0.09241363757485191
rxn_1264,0.35549285126487534,-0.934678999817354
rmg_rxn_600,-0.9978391267546681,0.0657044680176422
rxn_1648,0.579128290799034,0.8152364214117211
rxn_1122,-0.30714639588829973,-0.9516622780655056
rxn_1589,0.5878712403451524,0.8089545134153416
rmg_rxn_238,0.9849262707330139,0.1729746837544668
rmg_rxn_379,0.9267720565000113,-0.3756242208520903
rxn_1958,-0.9856065608395487,0.16905533777446058
rmg_rxn_16796,0.015776603822648276,0.99987554164097
rxn_930,0.9305066969120227,0.36627487902103956
rmg_rxn_599,-0.6838854942014766,0.7295893576669017
rxn_1246,-0.9999052276719778,0.013767195584077381
rxn_1275,0.9995144186533235,-0.03115970000030234
rxn_3228,0.8913854154671436,0.45324611536390225
kfir_rxn_11197,-0.018789029646143467,-0.9998234706011638
rmg_rxn_15714,-0.6996684979652193,0.7144676290463368
rxn_1200,-0.722767187577615,-0.6910915949142665
rmg_rxn_15636,0.09581794406806815,-0.995398875624525
rxn_377,-0.29499893768258173,0.9554975807222895
rxn_1889,0.9146823007710129,0.40417358728180935
rmg_rxn_357,-0.22684528093982195,0.9739308078684713
rmg_rxn_29,0.11658709819112904,0.9931804712817163
rxn_1431,0.8661023689845266,-0.4998666686621453
rmg_rxn_668,-0.8326560687663295,0.5537904577966305
rxn_1179,-0.9947143470908861,0.1026809022727791
rxn_324,0.000551075825170316,0.9999998481577059
rxn_1156,-0.19825145195677984,0.9801511933355121
rxn_1930,0.9957167710548197,0.09245599948171937
rmg_rxn_16648,-0.9929851676684192,-0.11823898168760358
rmg_rxn_197,-0.5727822091676831,0.8197075947317973
rmg_rxn_340,0.2022820341869432,0.9793273092511984
rxn_1881,-0.5543308741554268,0.8322963906914894
rmg_rxn_15613,0.09930352930835315,0.9950571888423826
rxn_1462,0.8426495152287916,-0.5384624355372272
rmg_rxn_356,-0.9529061733907308,0.30326527119641383
rmg_rxn_56,-0.7543173104314889,0.6565100114875666
rxn_1410,0.319536847430168,-0.9475738510186895
rxn_1964,0.2643330341345712,0.9644314631248877
rmg_rxn_97,0.923617238439717,0.38331605348196807
rxn_1946,-0.16591131904169634,0.986140676685555
rmg_rxn_336,-0.7895130073419846,0.6137338276792436
rxn_1485,0.010663281479835569,0.9999431455978294
rmg_rxn_219,0.9996440098749275,0.026680583224054717
rmg_rxn_98,-0.38646719857978745,0.922303152126182
rxn_483,0.9115839089791787,0.41111406797899813
rmg_rxn_15407,-0.15621019479261897,-0.9877238354129417
rxn_1444,-0.9235198044071666,0.38355074092973496
rmg_rxn_1481,-0.8145127119078992,-0.5801457076807857
rxn_1055,0.973157136922694,0.23014166692805763
rxn_601,-0.2642324184319569,0.9644590344071641
rmg_rxn_58,0.9844800807098137,-0.17549635519177775
rxn_363,0.00012795445662363493,0.9999999918138285
rxn_155,0.25298758399427335,0.9674695252796031
rmg_rxn_153,-0.34681304290579024,0.9379342798247788
rxn_3164,-0.8847964179410527,0.4659777878812273
rxn_1175,0.19855278708492383,-0.9800901952069558
rxn_1006,0.7133804173959704,-0.7007769831236975
rmg_rxn_629,0.6233361497491808,0.7819539912398087
rxn_1192,-0.5700564768285709,0.8216055094908974
rxn_1238,0.8610636978665256,0.508497107382554
rmg_rxn_65,0.27331789923775074,-0.9619237630687074
rmg_rxn_16470,0.20628380065495583,0.9784922041525658
rxn_1491,0.7347778877797687,-0.6783077882715941
rxn_1802,-0.9501986778470809,0.31164478596257533
rmg_rxn_14,0.1882902414357735,0.9821134277567221
rmg_rxn_1565,-0.9228207243517189,0.3852296856512602
rmg_rxn_16502,-0.3139652438754981,0.9494344767482372
rxn_1938,-0.17874818610388835,-0.9838948551367518
rxn_1372,0.07023784800289659,-0.9975302725771895
rxn_2006,0.9921429665586478,-0.12510928785748035
rxn_1615,0.00352089435846601,-0.9999938016322484
rxn_1819,-0.9905520240336816,-0.13713747730936543
rxn_1464,0.3203561348608702,-0.9472971797999844
rmg_rxn_240,-0.3941012929480984,0.9190670111023663
rxn_3158,0.8795963435699752,0.4757207924595373
rxn_1392,0.041884856945166214,0.9991224443273622
rxn_1787,-0.5214388487370479,-0.8532886539898337
rxn_299,-0.30014959856871015,0.9538921419526645
rxn_3118,-0.8360145285113816,0.5487073064192716
rxn_1282,0.9940873096815767,-0.10858370379594295
rxn_1631,-0.4998190176179106,0.8661298687999778
rmg_rxn_15684,0.9671299095529587,0.25428279149027333
rmg_rxn_1494,-0.23980577245523516,0.9708208853836777
rmg_rxn_15,0.5743861890134302,-0.8185844524974977
rxn_1114,-0.17455225103496308,-0.9846479125345401
rmg_rxn_669,0.9008616290316078,0.4341063525664164
rmg_rxn_16529,0.31984919388290545,0.9474684655293049
rmg_rxn_15710,-0.60895318548015,0.7932061635499172
rxn_249,0.0007407021192939505,-0.9999997256801476
rmg_rxn_376,0.8805760638965275,0.47390483822440416
rmg_rxn_15516,0.4347388925232949,0.9005565475458046
rxn_390,0.8818475402754942,0.4715346389291678
rxn_1920,0.8744375953438271,0.48513801319759026
rxn_1669,-0.9551051181465778,0.2962671316400314
kfir_rxn_10218,-0.10697248249634772,0.9942619815665128
rxn_1439,0.9818768580176692,0.189520013954595
rxn_1607,0.0002809786575443734,0.9999999605254962
rxn_1996,0.9887134200837672,-0.14981913411263653
rmg_rxn_15580,0.07020691380682642,0.9975324502259166
rxn_1007,0.9971344437019503,0.07564985910893779
rxn_874,-0.9997507318381694,0.022326535536096457
rmg_rxn_15728,-0.34207127231140105,0.9396740097817218
rxn_1304,0.00023685786662757028,0.9999999719491751
rxn_851,0.7861121259191803,-0.6180839145964137
rxn_1816,0.559073735745397,0.8291179397405932
rxn_1888,0.9036571206022285,0.42825670851124964
rxn_1626,-0.5487808191763682,-0.8359662747408619
rxn_1245,0.7238841455511141,-0.6899215490327385
rmg_rxn_15395,-0.18666838443506237,-0.9824229813336024
rxn_2004,-0.7062210542708771,-0.7079914000215899
rxn_3161,0.9468521814596713,0.3216690014052669
rmg_rxn_179,-0.7545535723890121,-0.6562384523898154
rmg_rxn_301,0.9508988051878932,-0.30950195846268436
rxn_896,-0.9719650620161384,0.2351253244973078
rmg_rxn_94,0.000313875085391789,0.9999999507412142
rxn_1143,-0.7713903232917318,0.6363622939268774
rxn_1876,0.7610554004101836,-0.648686887108484
rxn_1182,-0.9693621100338163,-0.24563611222861217
rxn_1894,-0.5532308765342293,-0.8330279690677669
rmg_rxn_15545,0.21119292193494932,0.977444397254687
rmg_rxn_46,0.10001350684593346,0.994986079524924
rxn_57,0.9984864047586086,0.05499908646721385
rmg_rxn_15397,0.5551144761882215,0.8317739586728334
rmg_rxn_653,-0.13711471407615966,-0.9905551752344808
rxn_1387,0.49947564742247613,-0.8663279273069167
rxn_1222,-0.7995699879799371,-0.6005729217353738
rmg_rxn_345,-0.9979055666816503,0.06468755665330435
rxn_1625,-0.9771504561065915,0.2125487852957063
rmg_rxn_16735,0.9572815854330223,0.2891573381237956
rxn_555,-0.006975184364276959,0.9999756731056433
rxn_1205,-0.3404659210083835,-0.940256856732198
rxn_1328,-0.4805367956745224,-0.8769745651972253
rmg_rxn_525,0.9983134952789294,-0.058053123464348794
rxn_149,-0.3614144999101176,0.9324052548407906
rmg_rxn_505,-0.043020388893073684,0.9990741945118434
rmg_rxn_15586,-0.1411349384499728,-0.9899903682100762
rxn_328,-0.0003795166656786235,0.9999999279835476
rmg_rxn_15584,0.9956506827123053,0.09316500423721555
rxn_1031,0.99893527203316,-0.04613374348604873
rxn_1804,0.9994309247764022,-0.0337316854097968
rmg_rxn_16755,-0.748070797861581,0.6636189278394172
rxn_1633,0.3168372764137975,-0.9484799103168643
rxn_613,-0.20560412685177568,0.9786352451355504
rxn_3160,0.6870345407648614,0.7266247585900277
rxn_1517,0.7933003375773271,0.6088304972647961
rxn_1106,0.9855834005022636,0.16919030898486723
rmg_rxn_390,0.19246728746730773,0.9813033900150232
rmg_rxn_16514,-0.44293672569409814,0.8965528746434263
rxn_846,-0.45903320270396464,0.8884191121398396
rxn_648,-0.7957668413989762,0.6056031160173274
kfir_rxn_9679,-0.11667133700392558,0.9931705790657094
rxn_964,0.8833630403436411,0.46868938429928064
rmg_rxn_1474,-0.4680993223064401,0.8836758593829819
rxn_1223,-0.7890478115237615,-0.6143317923806015
rxn_676,-0.0005430881101127817,0.9999998525276415
rxn_392,-0.00015040498209978418,0.9999999886891706
rmg_rxn_191,-0.0055265389625198886,0.9999847285669395
rxn_193,-0.9081747358372592,0.418591267451824
rxn_1506,-0.8885025984439084,0.45887158613104695
rmg_rxn_15688,0.2773914404695815,0.9607569873564338
rmg_rxn_314,-0.9963491222406224,-0.08537228244776648
rmg_rxn_586,-0.9656027627867181,0.2600217385117195
rmg_rxn_16461,0.26074292645243585,0.9654082692338095
rmg_rxn_683,-0.835476639461874,0.5495259638210862
rxn_1256,-0.00030064001307581926,0.9999999548077902
rxn_709,-0.8455274318416086,0.5339319825626986
rxn_1511,0.293124385979376,0.9560743142372427
rmg_rxn_253,-0.10234669620639741,0.994748789280809
rxn_1091,-0.7058116247582843,-0.7083995697034766
rxn_606,0.7648119029527248,0.644253640348141
rxn_1895,-0.82328016785499,-0.5676352395831846
rxn_680,-0.0015588904453372784,0.9999987849295515
rxn_1085,0.9852780565740425,-0.17095950173557983
rmg_rxn_16800,0.4868049454036851,-0.8735107012112188
rxn_1936,-0.9944604840357159,-0.10511111117027465
rxn_1044,0.910112872087156,0.41436042289445074
rxn_1960,-0.7571846451945096,-0.653200897949218
rmg_rxn_588,-0.9314410570122077,0.3638922331020289
rxn_215,-0.0016150914814244538,0.9999986957389028
rmg_rxn_248,0.6372811368560701,0.7706313986643906
rxn_414,-0.29357952291714823,0.9559346545259982
rxn_1799,0.4641268212196272,0.8857687586636618
rxn_1476,0.0005013077162335662,-0.9999998743452789
rxn_1330,0.9950425858410495,-0.09944974792706943
rxn_1480,0.4733061157626323,0.8808980195128661
rxn_681,0.0019308677859059418,0.9999981358730592
rxn_1322,0.0014852195342420342,-0.9999988970608593
rxn_746,-0.8384799126339679,0.5449325060127479
rmg_rxn_15660,0.09966061899150838,0.9950214877188479
rxn_1363,0.7386419646393757,0.674097951394071
rxn_1159,-0.5354814809740555,-0.8445469694065761
rxn_1288,0.8534813937299749,-0.5211233160747459
rxn_1326,0.9419104699607935,0.33586405967033317
rmg_rxn_15458,0.4662688283649358,0.884643080397507
rmg_rxn_85,0.8305332444557979,0.5569690564598054
rxn_553,-0.7920339234160493,0.6104770791423539
rxn_898,-0.9265107352524332,-0.3762683317288283
rxn_670,-0.00019124770015524928,0.9999999817121584
rxn_399,-0.3742472801294306,0.9273289455828085
rxn_1620,0.7280041274879707,-0.685572746220617
rmg_rxn_498,0.3103413395131183,-0.9506251905925929
rmg_rxn_201,-0.000861354932952195,0.9999996290337709
rxn_1434,0.050539235266193826,0.9987220763048689
rmg_rxn_15442,0.5765436128881528,0.8170663757846579
rmg_rxn_16771,0.5901791159077038,0.8072723277472115
rxn_1210,-0.9942838717521203,-0.10676882678765932
rmg_rxn_15466,0.5712225091898723,0.8207952515669339
rxn_996,-0.9979270554090425,-0.06435520245199955
kfir_rxn_9205,-0.7083942350348862,0.7058169789466235
rxn_1420,0.9822692144341387,-0.1874758394432197
rxn_62,0.0,1.0
rxn_1048,0.9391517246653835,0.3435026026947039
rmg_rxn_15469,0.004125789820575458,0.9999914888929587
rmg_rxn_659,0.643521497445705,0.7654280386327885
rmg_rxn_388,-0.07863699352419791,0.9969033169016318
rxn_16,0.028809569039165362,-0.9995849182194465
rmg_rxn_16806,-0.2513493425732506,-0.9678964345362548
rmg_rxn_348,-0.9999915495093918,-0.004111071612801462
rmg_rxn_341,-0.5156514135048119,0.8567984709081182
rxn_1016,-0.5498280528740449,0.8352778653075493
rxn_129,0.0010075030457714876,0.9999994924686776
rxn_1254,4.176234856376298e-05,-0.9999999991279531
rmg_rxn_169,-0.11034670761629443,0.9938931552829228
rxn_1273,-0.5453588146126787,0.8382026982325064
rmg_rxn_205,-0.7335615894286732,0.6796229796842354
rmg_rxn_16497,-0.5551505687151989,0.8317498698858877
rxn_571,0.1514376233469362,0.9884668159503542
rmg_rxn_596,-0.9996940149863958,0.024736135518302463
rxn_3217,-0.9941507003949842,0.10800178194901412
rxn_1786,-0.4177361282149111,-0.9085683943347442
rxn_1861,0.33833274962573867,0.9410265408216111
rxn_891,0.6515140728321785,0.7586365486197107
rxn_974,0.3966581538329087,0.9179663986213594
rxn_1093,-0.38880685945882854,-0.921319285610457
rxn_556,0.7241979144020546,0.6895921843928586
rmg_rxn_16528,-0.17135413182014939,0.9852095013286072
rmg_rxn_255,-0.44702747670626747,0.8945202261936996
rmg_rxn_1485,-0.16095489634201973,0.9869617628578777
rxn_1864,-0.9012890512385974,-0.4332182430570405
rxn_300,0.8817055916741302,0.4718000101850063
rmg_rxn_1487,0.4133668466918112,0.9105645776418434
rmg_rxn_677,-0.2772722673689922,0.9607913872157984
rxn_610,0.9757302568773141,0.21897594802655992
rmg_rxn_647,-0.0077236583369219266,0.9999701721060956
rmg_rxn_652,0.958892209565942,-0.2837705594908422
rxn_1922,0.06706537813496392,0.997748583088753
rmg_rxn_15719,-0.1560520764603297,0.987748829122272
rxn_1104,-0.20415592195836765,0.9789383839289013
rxn_3239,0.888982018567796,0.45794210405151303
rmg_rxn_188,-0.973604945464718,0.22823980846172207
rmg_rxn_234,-0.9882223969252387,0.15302448893995965
rxn_1835,0.09669668603694742,0.99531389566783
rxn_1280,0.49278790226274205,0.8701494603707378
rmg_rxn_1337,0.16274051745015777,0.9866689029152864
rxn_1327,0.9757935375943505,-0.21869378589503352
rmg_rxn_256,0.5889917561404592,0.808139041996226
rxn_2007,0.9758626666370448,-0.21838510907119077
rmg_rxn_268,-0.9423177882798002,0.33471956305460493
rxn_877,-0.9946568520645757,0.10323636297830721
rxn_1217,0.0002674665963470161,-0.9999999642308093
rxn_739,-0.9998666075640696,-0.016333005795592326
rxn_1985,-0.9122886207620066,0.40954788783261437
rmg_rxn_15692,0.8719070645957696,-0.48967139053449765
rxn_1359,0.9174955042118694,0.39774614988835205
rxn_586,0.06413600660866789,0.9979411669313442
rxn_1429,-0.8661775371323291,0.49973640468488234
rxn_232,0.09194187534898922,0.9957643755212932
rxn_15,-0.9532271304086528,0.30225492196635134
rmg_rxn_15498,-0.6772429574568875,-0.7357594556477332
rxn_1504,-0.5023640751284604,-0.8646561952708872
rxn_475,-0.3531873275217108,-0.935552623681892
rxn_1660,0.31252946607859494,-0.9499080654635103
rxn_1146,-0.9884815044228461,0.15134171736156168
rxn_1851,0.18761367686448369,-0.9822428967691185
rxn_369,-0.38549296140735445,0.922710776302839
rxn_1138,-0.43176468293151277,0.9019862851357832
rxn_1377,-0.9834324499284383,-0.1812749746317724
rmg_rxn_377,0.8397473889290082,0.5429772764922238
rxn_1587,-0.5554287998629214,0.8315640975191478
rmg_rxn_760,-0.9896293404710662,0.14364459084421666
rmg_rxn_293,-0.3377470114528954,0.9412369288625674
rxn_102,0.9989523061385782,-0.04576341399432898
rxn_897,-0.822572792438621,-0.5686598290188338
rmg_rxn_605,0.5355753796413693,0.8444874260295432
rxn_3201,0.8483150318106583,0.5294918382790067
rmg_rxn_681,0.3734688141926739,0.9276427355536818
rxn_3211,0.9116946454728946,0.4108684380870025
rmg_rxn_635,-0.9194660348154262,0.39316944288792
rxn_1236,-0.9546030240387346,0.2978809602779323
rmg_rxn_276,-0.9142236289696981,-0.4052100149718363
rmg_rxn_519,0.23293742811112358,-0.9724917246871436
rmg_rxn_1478,0.01991091188785985,0.9998017581439802
rmg_rxn_16464,0.17776807770204173,0.9840724112330966
rmg_rxn_326,0.57759932245938,-0.816320416683587
rmg_rxn_8,0.8713661586642979,0.490633282130988
rxn_1836,2.9826083988967635e-05,-0.9999999995552024
rxn_917,0.12001096566031311,-0.9927725661606888
rmg_rxn_194,-0.9913492058442095,-0.13125072217727088
rxn_1043,0.3062726738691639,0.9519438267256282
rxn_983,-0.02630729701033113,-0.9996539031704974
rxn_400,-0.11460608138355953,0.9934110156978857
rmg_rxn_15713,-0.6174574333556333,0.786604295687402
kfir_rxn_8057,-0.8640755037517194,0.5033622192976073
rmg_rxn_225,-0.9148264865826774,0.4038471238560383
rmg_rxn_244,0.44110951996260694,0.8974532809001026
rxn_458,-0.972333014016684,0.23359903649893543
rxn_673,0.0007053618487420853,0.9999997512323002
rmg_rxn_417,0.09548422951631072,0.9954309428150586
rmg_rxn_16689,-0.571461673662547,-0.8206287562197663
rxn_18,-0.29332376009417627,0.9560131650579997
rmg_rxn_661,-0.9987003216167566,0.05096731896604792
rmg_rxn_16706,-0.9701990180069754,0.2423094415376764
rmg_rxn_19,0.2870420883101792,-0.9579179711950974
rmg_rxn_304,0.8412581489048607,0.5406336346373273
kfir_rxn_8536,-0.9538378590692945,-0.3003220581410973
rxn_279,0.00035272739745274736,0.9999999377916896
rmg_rxn_173,-0.9404498813706439,-0.33993237655442854
rmg_rxn_1544,0.9456243766624945,-0.32526072351525714
rxn_1225,0.8851347918158569,0.4653347185812593
rxn_560,0.986243607952169,0.16529835381360658
rxn_841,0.273600420003298,-0.9618434436923813
rmg_rxn_15615,-0.7487377624269806,0.6628663237153011
rxn_487,0.9979497765511481,-0.06400190217105649
rxn_885,-0.5791911420805101,0.81519176942329
rxn_1644,0.011349912551553864,0.9999355876680618
rxn_1962,-0.9941089507614148,-0.10838539576916698
rxn_1017,-0.5274248098048065,0.8496017125702865
rxn_1845,0.8087832785867127,0.5881068000614581
rxn_962,-0.7740117471324508,0.6331712369501405
rxn_1621,0.8810551811959404,-0.47301349630617157
rmg_rxn_15633,-0.46461060763905637,0.8855150948850431
rxn_461,0.10944290710362041,0.9939930835195526
rxn_298,-0.10922776551929363,0.9940167479673883
rxn_1467,0.9532293040985228,0.30224806667346266
rxn_260,-0.9999634582002693,-0.008548816535532133
rxn_3223,0.6640319229809823,-0.7477042231137783
rxn_924,-0.4742971848688683,0.8803647996288053
rxn_3248,-0.8642912248275172,0.5029917282482388
rxn_1113,0.336156061516836,0.941806297656524
rmg_rxn_15703,0.8238291190367403,0.5668382332086892
rxn_570,-0.6767880668659642,0.7361779082177291
rxn_1071,-0.19597932353058212,-0.9806080280869086
rxn_936,-0.9270074500886877,-0.3750429141845892
rxn_1,-0.539096017452164,0.8422443137042933
rmg_rxn_16491,0.08990375148846211,0.9959504583403237
rxn_1882,-0.9772169431096714,0.21224289410811664
rxn_96,-0.48875217408662347,0.8724226683927916
rxn_1430,0.45238345283588766,-0.891823531647534
rxn_3213,0.9992733479978416,-0.03811529851889598
rxn_1844,-0.995877907240562,0.0907038801273599
rmg_rxn_246,0.6228092283470323,0.7823737374719157
rxn_612,0.8006498147043253,0.5991326015281839
rmg_rxn_15709,0.25750415299380747,0.9662771916954999
rxn_1789,0.00019091347280966706,0.9999999817760228
rmg_rxn_15592,-0.05564279290628249,0.998450739695048
rmg_rxn_338,-0.45851397686536155,0.8886871963852696
rxn_752,-0.03855382972565612,0.9992565247290033
rxn_1952,-0.6511114400976814,0.7589821424604952
rmg_rxn_15478,-0.05838552838524551,0.9982941100072542
rxn_1063,0.932191731793669,0.36196488113561565
rxn_1157,0.8917303890555662,-0.4525670262345772
rxn_1435,-0.04983874329883748,0.9987572776537814
rxn_1367,0.9506197990295744,-0.3103578542472731
rxn_3247,-0.8452754117857463,-0.5343308696214707
rxn_1923,-0.6340059888494353,0.7733281361123814
rmg_rxn_15453,-0.655599995385677,-0.755108367090645
rxn_1815,-0.9990136990713137,0.0444030299399808
rmg_rxn_16719,0.9821401439867633,0.18815083728131482
rxn_327,8.506154106872198e-05,0.9999999963822671
rxn_128,0.0006696189432824608,0.9999997758052103
kfir_rxn_679,0.31659438541744755,-0.9485610128621925
rmg_rxn_30,-0.5027027543016479,0.8644593343920447
rxn_1664,-0.9653226031976513,-0.26105990070424423
rmg_rxn_343,-0.8770918196885751,0.4803227454903465
rmg_rxn_15723,-0.9852846821706618,-0.1709213125384254
rxn_1914,0.4902520013837646,0.8715807335750448
rmg_rxn_54,0.5977408706853727,0.8016893734560117
rxn_1440,-0.9970124876347777,-0.07724053016591878
rmg_rxn_16523,-0.5654505076537427,0.8247822278602545
rmg_rxn_57,0.6094916369571608,0.7927924977440696
rxn_1451,7.89248649651555e-05,0.9999999968854328
rxn_1049,0.8687583856077564,-0.4952361733922562
rmg_rxn_15722,-0.09505943123166755,0.9954715990594166
rmg_rxn_15597,-0.974547092399095,0.22418288225569266
rxn_460,-0.7423705615845654,0.6699895143154235
rmg_rxn_216,-0.932085632674871,0.3622380065110307
rxn_1368,0.538759439949,0.8424596523667112
rxn_966,0.08448946863286776,0.9964243722883015
rxn_1360,0.6118429069051116,0.790979302681115
rmg_rxn_229,-0.5230987453027593,0.8522720825315581
rxn_3219,0.5905847851901856,-0.8069755953570481
rmg_rxn_277,-0.9959441945465344,0.08997311459016476
rxn_578,-0.6403003307887861,-0.7681246555031097
rxn_301,0.8839827593923718,0.4675194980929118
rxn_365,-0.0003334146701690286,-0.9999999444173273
rmg_rxn_15651,0.3256748616702438,0.9454818266239006
rxn_464,0.8867945515417067,-0.4621638490361868
rmg_rxn_15647,-0.9253309412276576,0.3791604531154817
rxn_1198,-0.6116226544570458,-0.7911496246317236
rmg_rxn_1344,0.9778951436240544,0.20909588249530428
rxn_1986,-0.9813605883587411,-0.19217542927280135
rxn_456,-0.5238953151843263,0.8517826593256729
rmg_rxn_15496,-0.6417087277588732,0.766948439413034
rxn_775,-0.3562561055183963,0.9343883492857054
rxn_960,-0.8550620513780723,-0.5185256872066444
rxn_270,0.41892775644233876,0.9080195674555634
rxn_760,-0.532438150888707,0.846468909930078
kfir_rxn_7125,-0.0006551348476149214,-0.9999997853991427
rxn_259,0.9999835953625906,0.005727914603649035
rxn_105,-0.9893173298020669,-0.14577798514627796
rxn_1028,-0.9982268371721533,-0.05952462977019938
rmg_rxn_278,-0.919082238942734,-0.39406577884918054
rxn_229,-0.8336535934275588,0.5522876842419343
rxn_1991,-0.7182455260798879,0.6957897414206573
rxn_1398,-0.8580528600968541,-0.5135613782982599
rxn_1854,0.9511802148324509,0.3086360298333503
rxn_933,-0.6282949442486014,-0.7779752329166056
rxn_1948,-0.13274937408044185,-0.991149637381385
rxn_3210,-0.5382757642518419,0.8427687711460929
rxn_562,0.8028740264511325,0.5961487210840481
rxn_452,-0.7075117404405007,0.7067015898799532
rmg_rxn_15513,-0.06747695375565477,0.9977208330549469
rxn_1376,-0.4299340195733367,-0.902860309689995
rmg_rxn_1561,-0.4092117507269119,0.9124394462467171
rmg_rxn_1538,0.3396706064297737,0.940544458878808
rxn_1331,0.8883248302301301,0.45921563126336473
rmg_rxn_215,-0.962958433811274,0.26964987437738264
rxn_480,-0.388492141061518,0.9214520369142594
rxn_406,-0.3032268727954407,-0.9529183929459529
rmg_rxn_31,0.03744278313087934,0.9992987731361497
rmg_rxn_15418,-0.9977314146517449,-0.06732031058326987
rxn_757,-0.9979270554090425,-0.06435520245199955
rxn_954,0.8553947232072535,0.5179767055661731
rxn_463,0.010566103956533235,0.9999441771654954
rmg_rxn_16643,-0.22505476668399516,0.9743461150909427
rxn_754,0.9219043890120753,-0.38741747188307374
rxn_410,-0.37512708851207516,0.9269733909150002
rxn_835,-0.873507417094869,-0.4868108382937365
rxn_595,0.5684164668720078,0.8227409800105643
rmg_rxn_16555,-0.5907659041015472,0.8068430123333049
rxn_1008,-0.2630326633101964,-0.9647869288251913
rxn_373,0.002457696459448652,0.999996979859496
rxn_582,0.9752048601765471,-0.22130404580133928
rxn_494,-0.8030853583098686,0.595864000648059
rxn_110,-0.001284550390552315,0.9999991749648067
rmg_rxn_272,-0.26805202974201625,0.9634044370622263
rxn_1419,0.9999131611965419,-0.013178393905872629
rmg_rxn_16513,0.12946143368673507,0.9915844579196343
rxn_1361,0.9583538511308827,0.2855834309314984
rxn_218,0.9582964221095355,0.2857760790760189
rxn_857,-0.7790223587433815,-0.6269961439896565
rxn_1896,-0.5696222920124858,0.8219065910688649
rxn_344,0.9582964221095355,0.2857760790760189
rxn_2015,0.0797665725463881,-0.9968135702849363
rxn_319,0.0028885357012844973,0.9999958281720491
rxn_999,-0.6977943918304359,0.7162981130297581
rxn_104,-0.8786725395025535,0.477424934753238
rxn_724,-0.7527343430039067,0.6583243948559683
rxn_1019,-0.8688004078506087,0.4951624494230311
rmg_rxn_307,0.4513400364844618,0.8923520445800551
rmg_rxn_15588,-0.3176508959786901,0.9482077347733119
rmg_rxn_15661,-0.07123447785154403,-0.9974595977608406
rmg_rxn_15538,-0.0004953816772764498,-0.9999998772984894
rxn_1947,0.9986437804610245,0.052063420426563714
rxn_1136,-0.7333573015334087,0.6798434145357569
rxn_1204,-0.1961871391120151,0.9805664722225836
rxn_1227,-0.0002556866229555677,0.9999999673121749
rmg_rxn_15412,-0.0014648843800825976,-0.9999989270563009
rxn_1942,0.9928768968488518,-0.11914473426800887
rmg_rxn_212,-0.1970312060014059,0.9803972173877441
rxn_1292,0.12671262976693595,0.9919394686459186
rxn_1370,-0.268940747940497,0.9631567235383897
rmg_rxn_520,0.9990378180808603,0.043857018186758946
rxn_920,-0.0009988541306653925,0.9999995011450884
rxn_685,-0.7992229771536037,0.6010346352663299
rxn_886,0.003293680891037018,0.9999945758183831
rxn_1009,-0.7482354049285419,0.6634333265757916
rxn_417,-0.48943567220386347,-0.872039404370211
rmg_rxn_16507,0.0,1.0
rxn_3215,0.5753949822860165,0.8178756717008244
rmg_rxn_16690,0.005730835310277035,0.9999835786284925
rmg_rxn_236,-0.5190283706594302,0.8547570125191235
rxn_594,-0.7881800046853839,0.615444782424994
rxn_1083,-0.9755851006526927,-0.2196217461556929
rxn_895,-0.9726858940385672,-0.23212529275887447
rmg_rxn_15603,0.5258701405574643,0.8505648683493063
rxn_439,0.5756313739164172,0.8177093134868271
rxn_2008,0.8769419911590253,-0.4805962381688439
rmg_rxn_15383,-0.7702613145695305,0.6377283961669096
rxn_240,-0.5792299747250939,0.8151641775617763
rxn_1279,0.7612776695137745,0.6484260250018319
rmg_rxn_15680,0.7352104928796466,0.6778388681387835
rxn_1230,-0.001245045263560953,0.9999992249308455
rmg_rxn_158,0.3524978646562543,-0.93581261768197
rxn_269,0.7332372184463826,-0.6799729270235777
rxn_1356,0.9068746252010489,0.4214005388777488
rxn_1380,0.30349361736410785,0.952833471399514
rxn_1235,0.09061001677591468,0.9958864517904983
rxn_133,0.2923436033447953,0.9563133469649898
rxn_919,-0.9999998836314975,-0.000482428224080131
rxn_3242,0.7700130255397655,0.638028165913619
rxn_93,-0.8750823698932291,-0.48397401366400844
rxn_1655,-0.9996128060364066,-0.02782513266853404
rxn_1501,0.8060353422814904,0.5918674065980999
rmg_rxn_177,-0.9410415502532651,0.33829100002354706
rmg_rxn_16533,0.31590928705677784,0.9487893983130705
rxn_1069,0.9749900606769826,-0.2222484681186662
rmg_rxn_208,-0.5990523028318714,0.8007098965741787
rxn_1221,-0.41620544870484527,-0.9092706002441728
rmg_rxn_15476,-0.9396026525087356,0.3422672280522169
rxn_905,0.012349959803676461,0.9999237363383507
rmg_rxn_15426,0.997692101934569,-0.06790043989092792
rxn_425,0.6086334618479516,-0.7934515165521949
rxn_1921,-0.838693652621249,0.5446034860821475
rxn_1594,0.5113356367363908,-0.8593810950930849
rxn_1803,0.806383926644542,0.5913923932968109
kfir_rxn_5989,-0.9161755608342731,0.4007771721667855
rxn_119,-0.8831236146291362,0.469140364160204
rmg_rxn_218,0.8199716502947416,-0.5724041340809113
rxn_3184,0.951143137940895,0.3087502731139645
rmg_rxn_632,0.986454279836581,0.16403644043959387
rmg_rxn_16498,0.9999879496285058,0.00490923596671646
rxn_1095,0.9970286728156513,-0.07703132858428967
rmg_rxn_50,-0.0001878984145293068,0.9999999823470928
rmg_rxn_15690,-0.557398146236174,0.8302453291482444
rxn_3156,-0.9663979267817969,0.2570506703197732
rxn_230,-0.809094133897337,0.587679064194836
rxn_761,-0.2856559324807074,0.9583322431383479
rmg_rxn_16460,-0.1598007928564413,0.9871492828354042
rmg_rxn_16654,-0.040885716221264364,0.9991638295139963
rmg_rxn_15385,-0.8260089389622256,-0.563657016947805
rmg_rxn_500,-0.9599861393406934,-0.28004751788535936
rxn_1490,0.998188740708254,0.060160102420706914
rxn_233,0.32061109153985795,0.9472109205354533
rxn_1823,0.2763313761774771,0.9610624176086908
rxn_1266,-0.3725943258938745,-0.9279943255816219
rmg_rxn_224,-0.9916773214316733,-0.12874816564946326
rmg_rxn_16647,-0.7332392663475844,0.6799707186975452
rxn_852,-0.33381589738130835,-0.9426382904675111
rxn_910,0.8787515773921158,0.47727944145004636
rmg_rxn_15420,-0.45170881760902765,-0.8921654241755025
rxn_1652,0.22209781923660243,-0.9750243887669403
rxn_1342,0.0004089356167221287,-0.9999999163858272
rxn_1082,-0.2574258454635966,-0.9662980565474364
rmg_rxn_15652,0.768120748164156,0.6403050181278742
rmg_rxn_230,-0.33404053745957624,0.9425587086933723
rxn_557,-0.9789126849632495,-0.2042791110663101
rxn_3126,-0.00013248268918976898,-0.9999999912241685
rxn_1904,0.3511704855872982,0.9363115347214201
rxn_1131,-0.4734309848609201,0.8808309159955838
rxn_1201,-0.33220929011749545,-0.9432056973744538
rxn_466,0.6449813607922543,0.7641983016407271
rmg_rxn_671,0.8156458593395657,0.5785514948059692
rmg_rxn_15653,-0.1330123293146586,0.9911143830306817
rmg_rxn_16575,-0.28188410981494033,0.9594484606448846
rxn_13,-0.9929708415786923,-0.11835923189385565
rmg_rxn_689,-0.9621926598217659,-0.2723697585730021
rxn_1883,-0.5828516146826769,-0.8125786086661378
rmg_rxn_16765,-0.0004358150380021903,0.9999999050326218
rmg_rxn_317,0.9999994562076593,-0.0010428731397830056
rxn_547,0.5447832968446773,-0.8385768655758661
rxn_840,-0.9999390374625766,0.011041800506070957
rxn_1965,-0.9930119862960217,0.11801353766593728
rxn_178,-0.9653793092326207,-0.2608501280535395
rxn_420,0.7705169651084526,0.6374194901946909
rxn_695,-0.5536401081075168,0.8327560451264806
rxn_607,0.6012626192090672,-0.7990514769036174
rxn_762,0.9123164590231502,0.40948587105718415
rxn_982,0.49264612030843474,-0.8702297398647366
rxn_1012,-0.48353013272095824,0.875327716201682
rmg_rxn_23,0.09960430460631707,0.9950271265166051
rxn_2024,0.9774793258815762,0.21103120023849425
rxn_1037,0.32738286208549616,-0.9448917724335995
rmg_rxn_172,0.0005009820701328987,0.9999998745084748
rxn_659,-0.0008858259619207487,0.9999996076561056
rxn_1378,0.028998023802990276,-0.9995794688845511
rxn_1954,-0.9692234188095455,0.24618278662639315
rxn_572,0.7011962696448263,0.7129682962349589
rxn_239,-0.29533732288635256,0.9553930425276931
rmg_rxn_13,0.17103318993006839,0.9852652678047396
rxn_1214,-0.0051587608825462445,0.9999866935045469
rxn_772,-0.7147973335462406,-0.6993316609128922
rxn_1663,0.26450155794511443,-0.9643852579983827
rxn_100,-0.999656198124703,-0.02621994566860589
rxn_565,-0.7456985414934123,0.6662834871243604
rxn_432,-0.8506974468615667,0.5256556419398652
rxn_1931,0.3312560539202784,0.9435408982874911
rxn_1479,0.7976951710377975,0.6030608709765367
rmg_rxn_665,0.14728952165984063,0.9890934216792746
rxn_1630,0.8800901168587675,0.4748066829853188
rmg_rxn_189,0.2495783516081083,0.968354607779908
rxn_132,0.0,1.0
rxn_839,-0.05215662576344527,0.9986389169209119
rxn_1907,-0.00014513631903649644,-0.9999999894677244
rmg_rxn_45,0.03164278858446185,0.9994992415858048
rxn_361,-0.0004878962228214839,0.9999998809786308
rxn_2001,-0.38819000988200536,0.9215793597014902
rmg_rxn_591,-0.9996020978830715,-0.02820719602800351
rmg_rxn_247,-0.9407657156191425,0.33905732305261127
rxn_1814,-0.0011774903356737618,0.9999993067580144
rxn_3206,0.9385044236057096,0.3452672108273746
rxn_445,0.7613984265496346,0.6482842247407696
rxn_854,-0.864566217929822,-0.502518909907402
rmg_rxn_1349,0.660340944442113,0.7509659360405758
rxn_474,-0.7628676261948191,0.6465547037211019
rxn_1047,0.8978291956357405,0.44034388319139756
rxn_418,-0.9891944094499885,0.14660975517641575
rxn_998,-0.5817670847251469,0.8133554322252995
rmg_rxn_15379,0.405630112888175,0.9140373140732967
rmg_rxn_2,0.973615205179629,0.22819603906077995
rmg_rxn_260,0.5396280312919408,0.8419035502027439
rmg_rxn_15679,0.999565324124297,0.029481567263106512
rmg_rxn_15425,0.4531052890896413,0.8914570079364414
rxn_859,0.6282967068728144,0.7779738094131298
rmg_rxn_15691,-0.19941879662242804,0.9799143552135884
rxn_741,-0.3174361816033374,-0.9482796373481258
rmg_rxn_16653,0.025100890650359146,0.9996849230075238
rxn_1813,0.8993794923343333,0.43716876463036203
rxn_1963,-0.9419148028519924,0.3358519080908911
rxn_1128,-0.08390008514753317,0.9964741721250163
rmg_rxn_1483,-0.14490565766201158,0.9894454762024737
rmg_rxn_15699,0.1769984082367279,0.9842111376537377
rxn_1812,-0.15955129295387763,0.9871896397940702
rmg_rxn_213,-0.9999952197273259,0.0030920094594331787
rxn_1190,-0.9983530044821729,-0.05736966481877396
rxn_1415,0.7674088357934585,-0.6411580762543108
rxn_125,-0.8906432858684994,0.4547026911481419
rxn_1404,0.9561709373192563,-0.2928090480603613
rxn_1176,-0.9716774532287966,-0.2363110807533148
rmg_rxn_16743,0.7806668202857077,0.6249474503548299
rmg_rxn_364,-0.9399881266621146,0.34120715369735183
rmg_rxn_321,-0.4352744991324787,0.9002977898478758
rmg_rxn_633,0.9957037312994526,-0.09259632539333124
rmg_rxn_349,-0.0096225801317719,0.999953701904047
rxn_468,-0.3038772787377374,-0.952711183657958
rxn_2012,0.8743723794835796,-0.48525554298351203
rmg_rxn_15494,0.31904097285078903,0.9477409232709233
rxn_1290,-0.9198487357832255,-0.39227325078062847
rxn_617,-0.883177071361463,0.4690397217948491
kfir_rxn_5172,-0.08695902641449918,0.9962118889699332
rxn_332,0.5459194063301058,0.8378376941819846
rxn_314,7.422226353440786e-05,0.9999999972455278
rmg_rxn_590,-0.16338289365002323,0.9865627349857409
rxn_42,0.6312852360457059,0.7755507402812001
rmg_rxn_289,-0.6942305184085112,0.7197527265042138
rmg_rxn_15539,0.9949771881835754,0.10010192303000955
rmg_rxn_611,-0.01915716004088768,-0.9998164847706642
rmg_rxn_15390,-0.7601299879802559,0.6497710376533692
rxn_99,-0.8060638940680012,0.5918285213471299
rxn_118,-0.7904931667391978,0.612470859175059
rxn_1641,0.0016915225906783905,0.9999985693746393
rxn_1623,-0.057685820657366244,-0.9983347865796754
rmg_rxn_15410,0.27832741747023,-0.9604862563745263
rmg_rxn_387,0.4925304442620123,0.8702952151282143
rxn_602,0.8142832128732843,-0.5804677848363005
rxn_848,-0.9011343222508204,-0.4335400019162645
rxn_453,0.6578447319243925,0.7531535757595021
rmg_rxn_16,0.22861399283760414,0.9735171504800765
rxn_10,-0.3032268727954407,-0.9529183929459529
kfir_rxn_8008,-0.40908348661373195,0.9124969594360042
rxn_865,-0.002915532489943357,-0.999995749826118
rxn_1011,-0.9958892771605946,0.09057895802308877
rmg_rxn_96,0.5030338633090949,0.8642667021031916
rxn_166,0.5200263375771814,0.8541502257952422
rmg_rxn_15707,0.06888345490178102,0.9976247138281982
rxn_1452,-8.473141457942302e-06,0.9999999999641029
rmg_rxn_16773,-0.9996288469032839,-0.027242768559949667
rmg_rxn_545,-0.4126164155599484,0.9109048762689
rmg_rxn_44,-0.6241294316357239,0.7813209664190948
rxn_771,-0.4175829812205806,0.9086387917070965
rxn_1401,-0.7928097303507979,-0.6094692210941378
rxn_174,0.00024822346029991494,0.9999999691925564
rxn_1911,0.9966345021580638,-0.08197358786919309
rmg_rxn_16484,0.6140626070907483,-0.789257318352458
rxn_485,0.9866274764988112,0.16299148019938897
rmg_rxn_303,0.9324954318183755,-0.3611817681415571
rxn_1818,0.9996351304907027,0.027011217833256086
rmg_rxn_15434,1.2246467991473532e-16,-1.0
rxn_1111,0.7894541432872444,-0.6138095434632823
rxn_1927,0.07961981752467329,0.9968253029780784
rxn_710,-0.9061151228647073,0.4230311857486116
rmg_rxn_266,0.5642306495763636,0.8256172079593755
rmg_rxn_15391,-0.004548267510729125,-0.9999896565778322
rmg_rxn_312,0.1515116329819261,-0.9884554745010774
rxn_950,-0.7509762592000879,0.6603292043502562
rxn_213,-0.511578586121528,0.8592364926036943
rxn_335,0.019401707558633696,0.9998117691564794
rmg_rxn_15565,-0.3994747538945784,0.9167441960551842
rxn_251,0.10627166272872912,0.9943371328180756
rxn_3216,-0.972981555308969,-0.23088285564012678
rmg_rxn_16672,-0.997573094152038,-0.06962701935261328
rxn_1983,-0.310501939452328,-0.9505727460832983
rmg_rxn_16639,-0.5648003238866647,0.8252276014152209
rxn_1810,-0.6057758208197257,-0.7956353781162496
rxn_1887,0.3335568221183365,0.94272999656228
rxn_1951,-0.854876098408234,-0.5188322044460189
rmg_rxn_509,0.12691375040528555,0.9919137563105297
rxn_1381,-0.4195707794334756,0.9077226234073853
rxn_1808,0.960658156525752,-0.27773351670359053
rxn_549,-0.009391596371893181,-0.9999558979862999
rxn_751,0.8225216461710187,0.5687338055541603
rmg_rxn_614,-0.04955573278713927,0.9987713598957119
rxn_1683,-0.4552609943562811,-0.8903580330505982
rmg_rxn_16571,-0.1408946159531989,0.990024599288018
rxn_850,0.8543343157608733,-0.5197238467815389
rmg_rxn_16731,-0.0907190317149663,0.9958765271280867
rxn_1458,0.9971815760384609,0.0750260248810456
kfir_rxn_5389,0.9797986476486742,0.19998652471061432
rxn_1195,-0.9491075336273505,-0.3149522021066178
rxn_908,-0.014664533695897536,0.9998924699443845
rxn_161,0.8735486686520392,0.4867368113223509
rxn_1937,0.7257361163222044,0.6879731749607421
rxn_1052,0.8764972099142465,-0.48140693909886806
rxn_1599,-0.9829252368476251,0.18400537700849945
rmg_rxn_156,-0.048896400440987156,0.9988038556312819
rxn_92,-0.49657310223339246,0.8679949044425922
rmg_rxn_15392,-0.000650644331925917,-0.9999997883309543
rmg_rxn_279,-0.6901471357677662,0.723669075608146
rxn_1447,0.07101873029713489,-0.9974749821158337
rmg_rxn_192,-0.1543691270424661,0.9880132451623039
rmg_rxn_245,-0.8722402474803761,0.48907765301163814
rmg_rxn_15540,-0.8747265736259769,0.4846167778694402
rxn_3,0.16196328266879978,0.9867967850916147
rmg_rxn_195,0.07877631359411646,-0.9968923173625732
rmg_rxn_15406,-0.8315567955394837,0.5554397319170689
rxn_1336,0.1756321167706874,0.9844558697872889
rmg_rxn_541,0.6845775172150509,-0.7289400681288392
rmg_rxn_254,-0.5493158851178241,-0.8356147786852632
kfir_rxn_9248,0.1029239461748911,-0.9946892285049578
rmg_rxn_198,-0.9740492099574255,0.22633633508854725
rmg_rxn_232,0.13274263252325838,0.9911505402867897
rmg_rxn_16597,0.37390590572075943,0.9274666428864914
rmg_rxn_273,-0.5577821315426245,0.8299874057669588
rxn_1968,-0.9224717631607439,-0.3860645621798361
rxn_973,-0.18834136742274865,-0.9821036245312046
rxn_1992,0.17762280967759791,-0.9840986421503872
rxn_1247,-0.7492568244408595,-0.6622795565535743
rxn_2025,0.9779993544334282,-0.20860791626349565
rxn_614,-0.5117580340457206,0.8591296261855129
rmg_rxn_15467,-4.468938484916391e-05,0.9999999990014294
rmg_rxn_33,-0.9756165922108252,0.21948181018694096
rmg_rxn_523,-0.10636289414103602,-0.9943273780551065
rmg_rxn_15388,0.00037403070248774134,0.9999999300505144
rxn_1892,-0.8935944669346666,0.4488751816081494
rmg_rxn_15422,-0.41226118782496995,0.91106570180923
rxn_1358,0.8675781032130526,-0.49730094995409146
rxn_831,-0.2577687121007502,-0.9662066502886019
rxn_189,-0.23516065872422123,0.971956513733197
rxn_1121,-0.9030495639482715,-0.4295363605712986
rxn_855,-0.8978566503727657,0.44028790056211764
rxn_858,-0.4588463803150546,-0.8885156156600582
rxn_911,0.8722135848923935,0.48912520107755575
rmg_rxn_1475,0.9412595646445029,-0.3376839231666809
rmg_rxn_16515,0.018162626678097198,-0.999835045891147
rmg_rxn_630,0.10577104622298392,-0.9943905096997333
rxn_1269,0.8580431618479177,0.5135775816817046
rxn_686,-0.9191765122472008,0.39384583193563377
rmg_rxn_658,0.364637585968437,0.9311495212365792
rxn_1196,-0.7907699988025693,-0.6121133955353244
rmg_rxn_1480,0.9592129274293307,0.28268455892116484
kfir_rxn_11797,5.402874193997547e-05,-0.9999999985404475
rxn_1555,0.31236752753950625,0.949961329601819
rmg_rxn_183,-0.042957279108094465,0.9990769100382759
rmg_rxn_15424,-0.427824510835587,-0.903861819045528
rxn_1614,-0.9995549786552107,-0.02983026392074387
rxn_1015,-0.5358349301549059,0.8443227627074181
rxn_68,-0.8027578363327349,0.5963051703669741
rxn_188,0.8639382264483955,-0.50359779673982
rxn_1486,-0.5570323158300458,0.8304908182039198
rmg_rxn_15596,-0.08518063699743769,0.9963655248354947
rmg_rxn_159,-0.9397967029355215,0.3417340444724862
rxn_1403,0.8974971177295235,0.441020321149942
rmg_rxn_83,0.11366177787781515,0.993519501695691
rmg_rxn_196,-0.8954504361046445,0.44516122526563573
rmg_rxn_15725,-0.7645496657393516,0.6445648211140954
rmg_rxn_267,0.7056123161997365,0.7085980942870528
rxn_1793,2.091902262201164e-06,-0.999999999997812
rxn_95,0.07489388249574683,0.9971915093725544
rxn_1346,0.8769214638156091,0.48063369243061743
rmg_rxn_15601,0.39182375215777465,0.9200402965332566
rxn_1866,-0.9797556852916924,-0.20019689592650042
kfir_rxn_1315,-0.8636948442818932,0.5040150949732322
rxn_926,0.9118289034213479,0.4105703969910911
rmg_rxn_16493,-0.025375700631552492,0.9996779850619187
rxn_1333,-0.9986631404202132,-0.05169073385083221
rmg_rxn_513,-0.9020875902203258,0.43155298582038043
rmg_rxn_89,-0.2739398945353108,0.9617468139702792
rxn_1059,0.9488676341152709,0.3156742196133358
rxn_176,-0.5355830638869054,0.8444825526187708
rxn_649,-0.8906432858684994,0.4547026911481419
rmg_rxn_15577,0.11340407304567938,-0.9935489500858276
rxn_231,-0.7025878885303549,0.7115969778536567
rxn_864,-1.9975433155897843e-05,-0.999999999800491
rxn_450,-0.989091882301697,0.14729985867232157
rxn_386,-0.00042223994047677695,0.9999999108567124
rxn_948,-0.0004993784637029729,0.9999998753105672
rxn_1354,-0.8572079063387261,-0.5149704897471094
rmg_rxn_381,0.8454297613169778,0.5340866209516186
rmg_rxn_76,-0.33019075588170976,0.943914225303478
rxn_2013,0.4536753295629296,0.891167041213917
rxn_1436,-1.1265977565073588e-05,0.9999999999365389
rxn_943,0.5137013094225584,0.8579690930899253
rmg_rxn_252,0.9420020384330976,-0.33560715068050745
rmg_rxn_351,0.50678868934794,0.8620703128799861
rxn_1203,0.11945157431830347,-0.992840028097618
rxn_318,0.0006253400111721398,0.9999998044749161
rxn_1507,0.6503434463507726,0.7596403107975509
rmg_rxn_16705,-0.4112674278430655,0.9115147298839162
rxn_476,-0.33874825039624873,-0.9408770498069768
kfir_rxn_13651,8.238548409430969e-05,0.999999996606316
rxn_1298,0.5267028624971672,-0.8500494659943562
rmg_rxn_81,-0.9583120975175329,0.2857235092734698
rxn_599,-0.760223114299261,0.6496620786879381
rxn_3212,-0.7272323303168947,0.6863913881611998
rmg_rxn_508,-0.9982764352698843,0.05868695583221601
rmg_rxn_27,-0.6454121725836918,-0.7638344895857995
rxn_1058,0.9771328751982696,0.21262959391101435
rxn_940,-0.3355673858733031,-0.9420162044987113
rmg_rxn_645,0.05919912935465123,0.9982461936234224
rxn_1357,0.583662033825778,0.8119966935094972
rmg_rxn_15685,-0.954344513737785,0.29870813363313486
rmg_rxn_16525,0.3720710610126956,0.9282042477584806
rmg_rxn_257,0.562222265322904,0.8269861693977609
rxn_2021,0.6689498222114691,-0.7433075644464031
rxn_1418,0.9696205128773374,-0.24461410631337088
rxn_1255,0.3173086151968141,0.9483223306038302
rmg_rxn_313,-0.8756144939326886,0.48301061894641767
rxn_574,0.8621633889128403,0.506630329548406
rxn_1324,0.1712761388269476,0.9852230632037255
rmg_rxn_527,-0.37101866044753534,-0.9286254108087483
rxn_691,-0.3539581628121767,0.9352612570713216
rmg_rxn_41,-0.7451993014037595,-0.6668418112171348
rxn_1502,0.8256154652398093,0.56423319962304
rxn_1805,0.1876879189959661,-0.9822287132144751
rmg_rxn_16772,0.20051644602151894,-0.9796903362159388
rxn_1248,0.837277544419777,0.546778121005576
rxn_1850,0.7457087181775096,-0.6662720972951333
rxn_1606,-0.00030420759056641204,0.9999999537288699
rxn_1078,0.999932557502025,0.011613804176896801
rxn_1299,0.40182999950060716,-0.9157142848625558
rxn_1935,0.9738652463756269,-0.22712657682829537
rxn_929,0.876659474509979,0.48111138601355863
rxn_3132,0.9802961699566954,0.19753333685288083
rxn_1412,-0.9280940121062081,-0.37234594759793166
rxn_1877,-0.9284778212843383,-0.37138785034393396
rxn_561,0.3006915873787005,-0.9537214316977873
rmg_rxn_40,-0.2023744353173541,0.9793082190658782
rxn_3193,-0.018573239277981327,0.99982750251367
rxn_115,-0.6052490880090345,0.7960361433152592
rxn_1232,-0.0004824714247155629,0.9999998836106554
rmg_rxn_657,0.014082368834126847,0.999900838527511
rmg_rxn_1527,0.16088878833317158,0.9869725415576078
rxn_600,-0.8554550042006396,0.517877143527385
rxn_116,-0.787575782975508,0.6162178073299371
rmg_rxn_384,0.4853326255019028,-0.8743295961040263
rxn_1053,-0.6538345678989691,-0.7566375339753958
rxn_1126,0.26666880561129314,0.963788227835268
rxn_1029,-0.6178502066329256,-0.7862958235700169
rxn_3229,0.43408775091112983,-0.9008705925430782
rmg_rxn_15402,-5.279578562303716e-05,0.9999999986063025
rxn_368,0.00021880482082876123,0.9999999760622249
rmg_rxn_16511,-0.1331781007966876,0.9910921215851669
rxn_901,-0.10357049472850684,-0.9946221154899444
rxn_1909,0.23758297567671469,0.9713672475786888
rxn_915,0.6352956187603979,0.7722690442998755
rxn_481,0.35499724886154504,0.9348673452959699
rxn_56,-0.9410947023303138,0.3381431076420428
rxn_440,0.6822857236000842,0.7310856251982455
rmg_rxn_16506,-0.7361236776248485,-0.6768470515855617
rmg_rxn_15617,-0.9098668876483814,-0.4149002853229288
rxn_748,0.5718531815065571,0.8203559829737507
rmg_rxn_190,-0.38049996029257677,0.9247809363397083
rmg_rxn_675,0.06890851627568877,0.9976229830876407
rxn_1622,0.0019695557746362514,0.9999980604231443
rxn_419,0.50701851217331,0.8619351647969603
rmg_rxn_324,-0.8425335450946723,-0.5386438762208328
rxn_1441,0.4294180175577934,-0.9031058444040403
rxn_1970,-0.7422851369739898,0.670084155481612
kfir_rxn_2,-0.8360145285113816,0.5487073064192716
rxn_3220,0.22119370510741662,0.9752298933179054
rmg_rxn_24,-0.4921386965421475,0.8705168024603523
rmg_rxn_16808,-0.21638726054427695,-0.9763076121152304
kfir_rxn_11915,-0.23017343201300788,0.9731496242589591
rxn_1191,-0.2794920439683112,-0.960148008047934
rmg_rxn_16522,0.28843958288810606,0.9574980976604264
rxn_1588,0.9991670640022017,0.04080659521719698
rxn_1259,0.9389726760473032,0.34399173483757745
rxn_1099,0.971997195107483,-0.23499245243876618
rmg_rxn_15644,0.6314396961028199,0.7754249868205038
rxn_688,-0.8634550940268745,-0.5044257136576618
rxn_1806,0.9343501127963906,0.35635637600213105
rxn_1166,-0.9426886183246262,0.33367374616713114
rmg_rxn_15611,-0.8196981971655859,0.5727956577728992
rmg_rxn_15602,-0.2326006981979237,0.9725723187495305
rmg_rxn_15670,-0.8285654399688149,0.5598922322101675
rxn_1234,-0.0004610451163701491,0.9999998937186947
rmg_rxn_16738,0.32745904560010575,0.9448653731906297
rmg_rxn_239,0.6493350680492408,0.7605024453619382
rxn_1231,0.0007089513432041191,0.9999997486939649
rxn_1402,0.8672737841274385,-0.49783148089014345
rxn_1832,-0.0004967192529974141,0.9999998766349842
rmg_rxn_1477,0.017421960667622683,-0.9998482261255934
rxn_2009,0.7672991432746807,-0.6412893455609106
rxn_1416,-0.10824253435715334,-0.9941245162231643
rxn_1155,0.8838395823798169,-0.46779011599078385
rmg_rxn_291,-0.053844163821415006,0.9985493508196641
rmg_rxn_347,0.9468383749365212,0.3217096388788619
rxn_781,0.5282829990787883,0.8490683558373383
rmg_rxn_35,-0.9144675365337065,0.40465926978876204
rmg_rxn_662,-0.3621871514614043,0.9321053949614677
rmg_rxn_15637,-0.7862639745209271,-0.6178907365955205
rxn_268,0.7038069711347364,-0.7103912635879951
rxn_1455,-0.2253060969999459,0.9742880285904425
rxn_1293,-0.32747874614895695,0.9448585454028063
rxn_1270,-0.7862516048247118,0.617906476669864
rmg_rxn_16462,-0.2431806421302637,0.9699810180065962
rxn_1891,-0.9741045531931228,-0.22609803061598435
rxn_744,-0.2192112094369769,0.975677429101021
rmg_rxn_6,-0.7422035168302937,-0.6701745590551345
rxn_836,0.00021999503593377417,-0.9999999758010918
rxn_1184,-0.8758031140912584,0.4826685253339544
rxn_1281,0.34588418530705767,0.9382772140228457
rmg_rxn_15576,0.8843751334774107,0.4667768452770681
rxn_391,0.032331989556824224,-0.9994771845576553
rxn_60,0.9966593402450226,0.0816710444549124
rxn_1133,0.7962787344743999,-0.6049298943049914
rxn_1332,0.15160177341394934,-0.988441653461521
rxn_1981,-0.8844563973039675,0.4666228469203863
rxn_357,-0.9999452057546894,-0.010468308756042835
rxn_1977,0.614150466784974,-0.7891889533868289
rmg_rxn_175,-0.9151398721178317,-0.40313647126024055
rmg_rxn_34,-0.279834849026277,0.9600481536206612
rxn_398,0.16196328266879978,0.9867967850916147
rxn_1822,-0.4924440247464038,-0.8703441172844011
rmg_rxn_15491,-0.779469622947116,-0.6264400265809017
rmg_rxn_237,-0.9817201788926041,-0.19032995128217073
rxn_1211,-0.2953949968664159,-0.9553752120639776
rxn_1820,-0.8555163445178369,-0.5177758050187724
rxn_3128,-0.9268386374413163,0.37545990484461067
rmg_rxn_660,-0.07897988592626791,0.9968762097768578
rmg_rxn_43,-0.24183703783059834,-0.9703168797528577
rxn_277,-0.9999447611108151,-0.010510695839707427
rmg_rxn_16714,0.34086058727102014,0.940113854831028
rmg_rxn_235,0.33494384436823005,-0.9422380915245524
rxn_330,0.88072785721465,0.47362267843304456
rxn_675,0.0004452618897982151,0.9999999008709198
rxn_837,0.8435164319750001,0.537103368997221
rxn_1498,0.7614279490087098,0.6482495495319605
rxn_1045,0.197249179778164,-0.9803533858139327
rxn_615,-0.1157873039869854,0.9932740307867841
rxn_1149,-0.5060926872069316,0.8624790965325867
rxn_1916,-0.8600492584092793,-0.5102110084167615
rmg_rxn_207,-0.6775757685217636,0.7354529746436148
rxn_1654,0.5746069181147827,0.8184295263824684
rxn_873,0.8157426652872664,0.5784149929160092
rmg_rxn_15620,-0.5994779653516968,-0.8003912599833845
rxn_94,0.49471957683456874,0.8690526683099392
rxn_899,-0.8840985237529384,-0.46730054600639526
kfir_rxn_7531,0.040912543019145285,0.9991627314025011
rxn_1809,0.9419161126983975,0.33584823453330787
rxn_337,0.8668610089437148,-0.49854988834928526
rxn_934,0.8741923082252785,0.4855798680338381
rxn_1188,-0.23182846850134153,-0.9727566813917664
rmg_rxn_16463,-0.04357366680745868,0.9990502167363523
rxn_238,0.0002967787711730721,0.9999999559611795
rxn_965,-0.8701845480369924,0.4927259404148064
rxn_1092,-0.7400026118319234,-0.6726039952913837
rxn_984,-0.8787147262555081,-0.47734728433469426
rxn_348,0.7655926358575836,0.6433256686318659
rxn_1801,-0.48813260548760457,0.8727694767003957
rxn_1875,0.1699713351501378,0.9854490069137416
rxn_1647,0.868342112312455,-0.4959657004115746
rmg_rxn_15579,-0.9147445650012241,0.40403264818665474
rxn_1185,0.5763235216334809,-0.8172216335927376
rxn_1110,0.8927752098552157,-0.4505024136094894
kfir_rxn_9652,-0.6117808967362637,0.791027265262439
rxn_969,-0.014432264786008663,0.999895849442904
rxn_139,-0.8058507522360004,-0.5921187086393
rmg_rxn_15381,0.0007747543154255319,0.9999996998778303
rmg_rxn_16496,0.4984009606258265,0.8669466433681218
rmg_rxn_16799,-0.4515524396506431,0.8922445820768834
rmg_rxn_306,-0.7324493038111615,0.6808215752651681
rxn_1840,-3.0029100871859578e-05,0.9999999995491266
rmg_rxn_646,-0.5531942031199967,-0.8330523234673989
rmg_rxn_15541,0.1109806373143173,0.9938225687421814
rmg_rxn_15417,0.44192557706197266,0.8970517177612685
rxn_1636,0.893078689100612,0.44990049463668336
rxn_50,0.0,1.0
rxn_2020,0.9999994424533211,-0.0010559796622247397
rxn_1375,0.9714718608893768,0.23715485131055478
rmg_rxn_15450,-0.35604525127663333,0.934468714855323
rxn_1172,-0.8536203560054276,-0.5208956592381694
rxn_1309,0.2542785203547182,0.967131032531898
rmg_rxn_15724,-0.8048935705337307,0.5934191942577037
rxn_2019,0.9149410731785954,0.40358745348536296
rxn_41,-0.3038772787377374,-0.952711183657958
rxn_1272,-0.924020332285226,-0.3823433346136698
rxn_1959,0.9824002542578137,0.18678795580599655
rmg_rxn_1476,0.3328113458664693,-0.9429934294906562
rxn_1463,0.9718536811127572,0.23558527650849356
rxn_1413,-0.8915162368104876,0.4529887410336669
rxn_1653,0.5189905358557912,0.8547799855472277
rxn_1811,-0.9864922855772291,0.16380772416651976
rxn_413,-0.9448706065215992,0.3274439447165045
rmg_rxn_587,-0.9988733531641036,-0.04745549850860149
rxn_880,-0.049299693246159085,0.9987840308324091
rxn_1667,-0.14158994050478155,-0.9899253955464787
rxn_297,-0.018590588246593043,0.9998271800809606
rmg_rxn_666,0.37555571144711747,0.9267998206729701
rxn_1495,0.6455342889590884,0.7637312889872224
rxn_616,-0.6290859655400317,0.7773357369634861
rxn_3205,0.7801773638584687,0.6255583753118893
rxn_1278,0.9372093009173807,0.34876743866644777
rmg_rxn_344,0.9021288160699493,0.43146679966856266
rmg_rxn_543,0.21025255266804155,0.9776471061157868
rmg_rxn_648,0.8964783974790417,0.4430874438002157
rmg_rxn_15616,0.23237783196290177,0.972625592513492
rxn_1978,-0.6403700420101097,-0.768066539627896
rmg_rxn_1492,0.0,1.0
rxn_1857,-0.34813343948548126,-0.9374449894857878
rxn_1348,0.47984868051702556,0.877351265916947
rxn_1039,0.9413159129048111,0.3375268168785734
rxn_1056,0.22219183695442918,-0.975002967990773
rxn_1303,-0.9947447877787066,0.10238558095306267
rmg_rxn_526,0.9875034390316231,-0.15759745524822877
rmg_rxn_269,0.1614772386622459,0.9868764367406976
rmg_rxn_193,-0.0002168864628638346,0.9999999764801308
rmg_rxn_392,0.7963832109347286,0.6047923456371546
rxn_325,-0.0006384184376126821,0.9999997962109285
rmg_rxn_16504,-0.8817016303650336,-0.4718074130528701
rxn_1446,0.9176261082628061,0.3974447451337819
rxn_847,-0.0010363879148938167,-0.9999994629499007
rxn_1351,0.8687880604475536,-0.4951841132586727
rmg_rxn_15382,-0.6188664788410188,0.7854962007335993
rxn_1979,-0.9890608231663823,0.1475082644377537
rxn_1666,0.0010327133373549426,-0.9999994667514392
rmg_rxn_300,0.5417980774968069,0.8405086812286736
rmg_rxn_15408,0.5255270161341876,0.8507769127762561
rxn_1839,0.13511759984765365,0.9908295687005961
rmg_rxn_1519,0.03296821069536882,0.9994564007917233
rmg_rxn_15734,0.7649018072524164,0.6441468972695492
rxn_1829,-0.6839325970621635,0.7295452026268177
rmg_rxn_15729,-0.8507639716191499,0.5255479660267085
rmg_rxn_292,-0.2876739578393442,0.9577284030355616
rmg_rxn_15419,0.4152426095341264,0.9097107096364696
rxn_428,-0.13154471617221,0.9913102378403911
rxn_1408,0.9777478009115969,0.20978378825003713
rxn_991,0.8160931854261777,0.5779203342165374
rxn_465,-0.15131304214541771,-0.9884858943235857
rmg_rxn_280,0.02925058494105268,0.9995721100954179
rxn_1604,0.0,1.0
rmg_rxn_15427,0.997643853973139,0.06860568948434305
rxn_108,0.10733054644887209,0.9942233923012406
rxn_1933,-0.922432871436204,0.3861574778428608
rxn_738,-0.7720682991189737,0.6355395672147683
rxn_1826,-0.9834467269327499,0.18119750352932906
rxn_208,0.5750933399310809,0.8180878011356203
rxn_1020,0.8067133144224407,0.5909429992254417
rmg_rxn_16474,-0.5344667994938731,0.8451894700236013
rxn_987,0.3355081614324366,-0.9420372994803475
rmg_rxn_259,0.8545450893603561,-0.5193772138341274
rxn_1928,-0.7136818331578448,-0.7004700143621125
rmg_rxn_16473,-0.9543380592992885,0.29872875417821393
rmg_rxn_530,0.7017054983163438,-0.7124671175799004
rxn_1825,-0.36339813285460565,-0.9316339393977585
rxn_1668,-0.08469176846566644,0.9964071980642041
rxn_1194,0.10963416587934485,0.99397200648305
rxn_1792,0.0002811553226261979,-0.9999999604758415
rxn_1879,-0.4124499960704926,0.9109802416855431
rxn_2023,0.9305526409821128,-0.36615813846098666
rmg_rxn_1486,0.2912094450240596,0.956659322396839
rmg_rxn_51,-0.033215369616348064,0.999448217378594
rxn_1089,-0.6663238138625684,-0.7456625074922576
rxn_1984,-0.6478648590119143,-0.7617552917160947
kfir_rxn_4836,1.2246467991473532e-16,-1.0
rmg_rxn_395,-0.9358538668107135,0.35238833688905685
rxn_331,0.08116055197833764,0.9967010408355013
rmg_rxn_16501,-0.00010482739923666612,0.9999999945056082
rmg_rxn_209,0.40185714966421276,0.9157023704587395
rxn_1323,-0.16857225434509354,-0.985689299457498
rmg_rxn_1540,0.8966383259448641,0.44276372078885545
rxn_1975,-0.7941648774566462,0.6077023510027505
rxn_1151,-0.9896551209075988,-0.14346686607494474
rxn_1665,0.8816839380915161,-0.4718404744311743
rxn_1855,-0.7348756344795764,0.6782018887088417
rmg_rxn_316,-0.24216747727035842,0.9702344628761186
rmg_rxn_59,0.26903156168193926,-0.9631313611439392
rmg_rxn_16467,-0.4255675020998528,-0.904926682751974
kfir_rxn_10391,-0.1954810446627232,0.9807074799233308
rxn_1152,-0.19938900366039458,-0.9799204177989737
rxn_1405,0.42532217247955967,-0.9050420153767822
rmg_rxn_15409,0.8883252262612894,0.4592148651642596
rxn_2010,0.9999779482392902,0.006641011605124288
rmg_rxn_217,-0.6103511898833045,-0.7921309393074066
rxn_978,0.9608067321195655,-0.2772190893746706
rxn_1105,-0.9097910524564834,0.41506654992919423
rxn_1061,0.9794387516471706,0.20174174523839108
rxn_551,-0.9941384885868687,0.10811413187098297
rxn_34,-0.8506974468615667,0.5256556419398652
rmg_rxn_370,0.9946264664447882,0.10352870253004486
rxn_1395,-0.37018571498628866,0.9289577689109932
rmg_rxn_15493,0.4172979308877933,0.9087697380947313
rmg_rxn_15443,0.15907819013421368,0.9872659871704398
rxn_3227,0.990489259776524,0.13759006601987478
rxn_922,0.041601155401565906,0.9991342972139705
rxn_1347,0.8825852852980655,0.4701523308198443
rxn_147,0.03601387202860876,0.9993512900984853
rxn_1670,-0.08420004380469029,0.9964488710532459
rxn_1901,-0.9974863350285644,0.07085909561434231
rmg_rxn_251,0.9610452619953199,0.27639103530387304
rxn_1624,-0.09661127140641239,0.9953221901661976
rmg_rxn_47,-0.941963387270485,0.33571561929989846
rxn_1425,-0.7555310989927688,0.6551127830036435
rmg_rxn_15567,0.4219080156588889,0.9066386415340892
rxn_876,-0.7038965793600844,-0.7103024747001606
rxn_438,0.9150474120099995,0.4033462951036022
rmg_rxn_39,-0.06652039946111094,-0.9977850652598155
rxn_1319,0.00466606621433378,-0.9999891138537876
rmg_rxn_10,-0.4598888052172308,-0.8879765125474142
rxn_1018,-0.31575182362335663,0.9488418128848057
rxn_566,-0.38935227641149744,0.9210889234233495
rxn_1283,0.3611108567653596,-0.9325228946927726
rmg_rxn_296,-0.04875973702118331,0.9988105366112359
rxn_1450,-0.000583311102016704,0.9999998298740647
rxn_849,0.07986143823119062,-0.9968059744421909
rxn_1364,0.28692915908038186,-0.9579518034167611
rmg_rxn_16585,-0.11209127536019066,0.9936979148554785
rxn_258,0.9994245979859626,-0.03391862232752091
rmg_rxn_15708,-0.7100375303471742,0.7041638342733072
rmg_rxn_16640,-0.5355195759739142,0.8445228142263057
rxn_194,-0.00042223994047677695,0.9999999108567124
rxn_117,0.5078031726906632,0.8614731207677326
rmg_rxn_678,0.009836466720192323,0.9999516207909573
rxn_1242,-0.7365813231668776,0.6763489885863154
rxn_1798,-0.0006972507347728607,0.9999997569206769
rxn_997,-0.15797149541828048,0.987443672639261
rmg_rxn_15436,-0.0005581838955160701,-0.9999998442153573
rxn_1999,0.2842228857664732,-0.9587582339706806
rxn_611,0.9840376869503041,0.17796019403646224
rxn_1274,0.6728317043128853,0.7397955782994503
rmg_rxn_15526,-0.8328374255225923,-0.5535176805205959
rmg_rxn_550,0.9999466441589219,0.010329996868846116
rmg_rxn_391,-0.5213145149227187,0.8533646210916471
rxn_1317,0.9883038428961828,-0.152497587248577
rmg_rxn_3,0.26275484114189596,0.9648626293190637
rxn_1397,0.43330205040431724,0.9012487631699777
rxn_1229,0.9335003754160298,-0.35857642016469976
rmg_rxn_15622,0.7666825273177863,0.6420264031218746
rxn_1243,0.9444425364930464,-0.32867658155484786
rxn_1352,-0.6142446834741621,-0.7891156244960091
rxn_1867,0.39336465425279665,0.9193825366976348
rmg_rxn_16466,0.46566823568416604,0.8849593743640416
rmg_rxn_374,-0.46143574334776527,0.8871736328143974
rmg_rxn_1134,0.9706828396490106,0.24036394241011533
rxn_135,-0.34364063033294895,0.9391012284010566
rxn_321,-0.00026791546081530424,0.9999999641106523
rxn_5,-0.11460608138355953,0.9934110156978857
rxn_1386,0.9140677756173833,-0.405561464611579
rxn_889,-0.1273099847441665,0.9918629783314025
rxn_1165,-0.42081874333285607,0.9071447432795694
rmg_rxn_4,0.5446151714049499,-0.8386860646723284
rmg_rxn_691,-0.9178337539404896,0.3969649860220782
rmg_rxn_15634,0.6622557903267805,0.749277831100488
rxn_101,-0.8147771721510723,0.5797742316984276
rxn_1062,-0.9991209476143249,-0.04192054434586125
rmg_rxn_382,-0.14407922389472924,0.9895661560713829
rxn_1995,-0.15033592644279728,-0.9886349726873846
rxn_1263,0.7833584861712373,0.6215701747538306
rxn_179,0.0002818491713500494,-0.9999999602805215
rxn_1974,-0.8086573106537573,0.5882799961975866
rxn_866,-0.001327878134577549,0.9999991183694412
rxn_317,-0.9940350861583278,-0.10906075135540694
rmg_rxn_178,-0.38523296683606173,0.9228193546207653
rxn_1902,-0.9496599984252061,0.3132824402851802
rxn_1508,0.5875345681911704,-0.8091990677085675
rxn_745,-0.9226352955952982,-0.3856735813116794
rxn_1821,-0.6502590531137886,0.7597125534329146
rxn_1268,0.7213896867999697,-0.6925293638385607
rmg_rxn_16468,-0.16397978046297954,-0.9864637000920576
rxn_1661,-0.00037530354980541296,0.9999999295736203
rxn_1284,-0.3367505565016796,-0.9415938947846938
rmg_rxn_15604,0.9296013790448722,-0.36856651513379773
rmg_rxn_15675,-0.03454628237047411,0.9994030990418128
rxn_694,0.9953700032725267,0.09611741041689725
rxn_833,-0.9662399425517814,-0.25764388876418215
rxn_1598,-0.2381338310713835,0.9712323504184083
rxn_1503,0.9876562215652488,0.1566371220479235
rxn_1187,-0.8743412105144379,-0.4853117014828174
rxn_1366,0.7839533788168502,-0.6208196999464853
rmg_rxn_1454,0.3242998349746925,0.9459543419401315
rxn_1271,0.9234377591797748,0.38374823116339735
rxn_1525,-0.9899569131452928,0.1413694101135156
rxn_1421,-0.702126775999982,-0.7120519576715391
rxn_1900,-0.568212596384697,0.8228817930357686
rmg_rxn_670,-0.9677508461467826,-0.25190930864536587
rmg_rxn_15582,0.08112025246956646,0.9967043215714848
rmg_rxn_15521,0.5084988688103483,0.8610626576612158
rxn_225,0.30515363051768307,0.9523031354468373
rxn_1087,0.3066947715931532,0.9518079202640749
rxn_2018,0.9971384710771559,-0.07559675586896519
rmg_rxn_1066,0.042451024925180984,0.999098548934389
rmg_rxn_688,0.40315803147874946,0.9151303741293804
rmg_rxn_1988,0.46599675294062837,-0.8847864297381549
rxn_322,-0.23421480047918547,0.9721848729724688
rxn_916,0.08581122757165,0.9963114137771616
rxn_1374,-0.988458332539509,0.15149298608586928
rmg_rxn_352,0.5631280667007315,-0.8263696391409213
rxn_914,0.7642954917818201,0.6448661886329486
rxn_1966,-0.5146514126958501,0.8573995121354838
rxn_106,0.6000200289124397,0.7999849779239077
rmg_rxn_165,0.002780146182915796,0.9999961353861332
rmg_rxn_15667,0.950442584379745,0.31090013476605516
rxn_1341,0.00034211363898858265,-0.9999999414791273
rmg_rxn_15671,0.8871917694922652,0.46140087141788466
rmg_rxn_220,-0.933650354705779,0.3581857271832215
rxn_844,0.868169240826592,-0.4962682432743194
rxn_1489,0.7509638059177849,-0.6603433668944328
rxn_388,-0.0003795166656786235,0.9999999279835476
rxn_838,0.8662737776126552,-0.4995695569394716
rxn_1260,0.5402370418023899,0.8415128868083975
rxn_1070,-0.6795125921149585,-0.7336638447935199
kfir_rxn_12959,-0.8615236344002353,0.5077174680566051
rmg_rxn_16776,-0.4519419302916518,0.8920473595298939
rxn_263,0.000584079510025023,-0.9999998294255484
rmg_rxn_337,-0.10197988345783325,0.9947864611915096
rmg_rxn_270,-0.8137046463496733,0.581278546403489
rmg_rxn_529,0.4361305999514493,0.899883381214471
rxn_1124,-0.9797029592532649,-0.20045476205467316
rmg_rxn_288,-0.7486867146610274,0.662923980023409
rxn_2022,0.7601730835541376,-0.6497206192201339
rmg_rxn_15566,-0.10921439528461736,0.9940182170677836
rxn_52,-0.797210257428375,0.6037017520688374
rxn_1595,-0.09301234266765047,-0.9956649557514192
rxn_107,-0.806446420686023,0.5913071710732942
rmg_rxn_15702,0.9079243237162371,0.41913413414372896
rxn_1391,-0.8654380682803767,0.5010159178819871
rxn_1144,-0.9120148591508193,-0.4101571609616383
rxn_429,-0.05190479351219864,0.9986520377040523
rxn_856,0.9280708514033618,-0.37240367180713896
rxn_1072,0.786580077439191,0.6174882847275374
rmg_rxn_16807,0.5877717577939181,-0.8090267985300905
rxn_683,-0.9018840296739506,0.43197823674240404
rxn_1411,0.6262288742187738,0.7796392736995021
rxn_1903,-0.977063096121678,0.21295000868072445
rmg_rxn_1447,-0.6613418911518489,0.7500845972340027
rmg_rxn_16803,-0.0395698066100582,-0.9992168085079647
rxn_1616,0.8825931215240352,0.470137620105496
rxn_705,0.7232915079488568,0.6905428259920371
rxn_842,0.8670478478771122,-0.4982248784350979
rxn_1001,0.8689107659626689,-0.49496876749363483
rmg_rxn_323,-0.30206586784173706,0.9532870561824588
rmg_rxn_15504,-0.45478305908157934,-0.8906022508237899
rmg_rxn_16489,0.6155036446403361,0.7881340390025435
rxn_1202,-0.837798270205228,-0.5459799066276412
rxn_884,-0.2866454795601582,0.9580367263564205
rxn_868,0.8867384337188416,0.46227151130678124
rmg_rxn_15506,0.0963811903152327,0.9953444962189819
rxn_61,-0.0003259993629107753,0.9999999468622063
rxn_98,-0.6957648757741299,0.7182696134732484
rxn_1400,-0.9291004549231955,0.36982745255255356
rxn_1632,-0.4193049539720251,-0.90784544696469
rxn_1796,0.3764550661817305,0.9264348779844749
rmg_rxn_16534,-0.060131128141635265,0.9981904865447347
rxn_1609,0.9733942757093796,0.22913660557888235
rxn_869,0.021004881965281254,-0.9997793731287041
rxn_1079,0.11244261823696577,-0.9936582197134063
rxn_1316,-0.7502376068001546,-0.6611683093908665
rxn_1627,0.9857193109217698,-0.1683966747768829
rmg_rxn_522,0.7665853276570918,-0.6421424572638608
rxn_1050,-0.3686080249025936,0.9295849202614084
rmg_rxn_1482,0.7330184093939724,-0.6802087999206792
rxn_3120,0.21562902537284007,0.9764753573013295
rxn_906,-0.06706456310566876,-0.9977486378720072
rxn_407,-0.9893142569063504,-0.1457988377245707
rxn_1158,-0.934323048154129,0.3564273301641963
rxn_743,0.9353440673381652,-0.3537392764385908
rxn_151,-0.0005537060630087211,-0.9999998467047861
rmg_rxn_290,-0.7737859656217105,0.6334471401836754
rmg_rxn_350,-0.9998622008627894,-0.01660058088799969
rxn_1886,-0.8588421565806016,0.512240324535253
rxn_1581,-0.7919629663345717,0.6105691279081722
rmg_rxn_15698,-0.9539557257513056,0.2999474509081547
rmg_rxn_15386,0.0002687172139582645,0.9999999638955288
rxn_3142,-0.15463325388300878,0.9879719412987157
rxn_387,-0.00017802700959945253,0.9999999841531918
rxn_1224,0.00034312196361226127,-0.9999999411336573
rxn_548,-0.3163645095238422,-0.9486377059308463
rmg_rxn_271,-0.1275827847018189,0.991827925119942
rxn_3129,0.18660091964008818,0.982435797795191
rxn_31,0.012534399588101765,0.9999214413277504
rxn_1302,-0.0003682670660001327,-0.9999999321896818
rmg_rxn_628,-0.885761028733632,0.4641415732044889
rmg_rxn_15428,0.00034628793455827514,0.9999999400423314
rxn_473,0.5829291974752729,0.8125229539716612
rxn_1791,0.0022957737360040724,0.9999973647080042
rxn_1898,-0.07227908395507814,0.9973844464511239
rxn_1003,-0.598950068692585,-0.800786373019139
rmg_rxn_1479,-0.9827025186795085,0.18519114390529096
rmg_rxn_15678,-0.7902156842206829,0.61282882798677
rxn_1834,-0.0002516311027931963,-0.9999999683408936
rxn_1967,-0.8254580907774333,0.5644634092393189
rxn_315,0.8795761837314013,0.47575806563053047
rxn_103,-0.9974045389403415,0.07200128958015099
rxn_770,-0.002482616103265062,0.9999969183038935
rmg_rxn_15497,0.010085112918501367,-0.9999491439555419
rxn_180,0.057769163111741184,0.998329967392229
rmg_rxn_355,0.9761683490654495,0.2170146407107936
rxn_2026,-0.98713469082799,-0.15989090707081707
rxn_38,-0.8149730793388928,0.5794988179046466
rxn_491,-0.7967495867817624,0.6043096027394325
rxn_1060,0.8139959637306935,0.5808705286293492
rxn_1500,0.5549483676668664,0.8318847932399537
rxn_1337,0.34003564951043935,-0.9404125462061922
rxn_892,0.9603450550996637,-0.2788142305292611
rmg_rxn_16547,0.998660504693623,-0.051741630869912576
rxn_1116,-0.6758038251966147,-0.737081535414925
rxn_296,-0.511578586121528,0.8592364926036943
rmg_rxn_16524,0.21311074481886894,0.9770280499774543
rmg_rxn_335,-0.953479652455724,0.3014573806575515
rxn_1297,0.9407173737291987,0.3391914249565265
rxn_1860,-0.21452645493913175,-0.9767181784584787
rmg_rxn_16751,0.39818471729712146,0.9173052550329206
rxn_209,0.025668512334184834,0.9996705094552654
rxn_1869,0.9781798154856892,-0.20776007454846307
rxn_907,-0.0005519033362995162,0.9999998477013421
rmg_rxn_16649,-8.946133986623837e-06,0.9999999999599833
rxn_201,0.04895152833992905,0.998801155322312
rxn_1014,-0.4894769035686423,0.8720162618167473
rxn_742,-0.43909462013968725,0.898440824186203
rmg_rxn_36,0.934108395599737,0.35698950302506827
rmg_rxn_16521,3.8315553704767944e-05,0.9999999992659592
rxn_1258,0.8735710734333946,-0.48669659918724195
rxn_887,0.4880240038578875,0.8728302078059149
rmg_rxn_49,0.1710571781708554,0.9852611033610452
rxn_723,0.3918447408522518,0.9200313576538746
rxn_2002,0.9966466525570129,-0.0818257291253847
rmg_rxn_15628,-0.5843330792528365,0.8115139262458151
rmg_rxn_22,-0.2065965646153489,0.9784262156591758
rxn_356,0.00035272739745274736,0.9999999377916896
rxn_567,0.9980846169638266,0.06186353837416381
rxn_1593,-0.0002862406654799545,-0.9999999590331399
rmg_rxn_265,0.6854512969527904,0.7281184790305336
rxn_1465,-0.9641137959480519,-0.26548933775697664
rxn_36,0.7808395499587664,0.6247316201539596
rxn_1523,-0.7939629167301983,0.6079661889096106
rxn_1941,0.9999303554286841,0.011801876641682906
rxn_1915,0.5136828919676393,0.8579801201075481
rxn_740,-0.9377507887378052,0.3473088801364345
rxn_482,0.4318119775825036,-0.9019636445091828
rxn_702,-0.8790456911324733,-0.4767375304100069
kfir_rxn_9885,-0.759712490658492,-0.6502591264545778
rxn_1838,0.00033518423595712253,0.9999999438257624
rmg_rxn_15439,0.029784036920409276,0.9995563571628784
rxn_758,0.9994138188184019,0.034234759453201064
kfir_rxn_7559,0.8867709770779464,-0.4622090806250179
rmg_rxn_682,-0.990728856006071,-0.13585409039444482
rxn_605,-0.9595060701750965,-0.28168795021644566
rxn_59,-0.6759583752485456,-0.7369398041436942
rxn_1547,0.3835388602644232,-0.9235247385246739
rxn_1308,-0.7365693951203351,-0.6763619786564466
rxn_1512,-0.9155006128891691,-0.4023165765905699
rxn_1859,0.03986883092769505,0.9992049220857846
rmg_rxn_15575,-0.22190777211662457,0.9750676595366273
rmg_rxn_15600,0.848296623161297,0.5295213301965659
rmg_rxn_640,0.5329821687624857,0.8461264726867002
rmg_rxn_1493,-0.01796825166281749,-0.9998385579343205
rxn_1940,-0.7852529893772894,0.6191750501062124
rxn_486,-0.5762096538730123,0.8173019238834223
rmg_rxn_287,-0.37359714936561167,0.9275910575172062
rxn_654,0.00010847294415558359,0.9999999941168102
rxn_860,-0.9862764063933883,-0.1651025444738629
kfir_rxn_5161,0.8465209248702477,-0.5323554486964707
rxn_1454,-0.0001951680776939511,0.9999999809547105
rmg_rxn_394,-0.3091726421399067,0.9510059291887876
rxn_721,-0.8049974634070641,0.5932782516730176
rxn_175,0.0019695557746362514,0.9999980604231443
rxn_1848,0.26446828959204777,0.964394381879248
rxn_1800,-0.19621372432629428,0.980561152802825
rxn_879,-0.8662668255480322,0.4995816119063382
rmg_rxn_531,0.9594202589362049,0.28198008217387555
rmg_rxn_592,-0.9909263570654813,-0.13440593317608518
rxn_1492,0.8225782168854099,0.568651982415976
rxn_773,-0.7028502391427636,0.7113378531590738
rmg_rxn_16472,0.32284735683378224,0.9464510469038747
rmg_rxn_15589,-0.9641823255567654,-0.265240349652815
rmg_rxn_342,0.9988877850455611,-0.04715074640737844
rmg_rxn_676,-0.3835629747012974,0.9235147234550686
rmg_rxn_1339,-0.7590281588246925,0.6510577962909263
rmg_rxn_7,-0.782336517203996,-0.622855981627472
rxn_1998,0.9609316483768608,-0.276785778441973
rmg_rxn_15614,-0.29627282730698945,0.9551033513706895
rxn_153,0.7685611464917618,0.6397763391242823
rxn_3178,-0.08808693657349344,0.996112790604105
rmg_rxn_539,-0.2103224532714243,0.9776320706942309
rxn_1318,-0.0005324717369642718,-0.9999998582369146
rxn_326,8.10069294091592e-05,0.9999999967189387
rxn_424,-0.9998627187647209,0.016569357996633973
rxn_569,0.28460711939092087,0.9586442445412178
rmg_rxn_15715,0.9062013833290797,0.422846370272304
rmg_rxn_62,0.14991808305884555,-0.9886984213459437
rxn_383,0.9583186166781521,0.28570164320156277
rmg_rxn_1534,-0.7025422969821458,-0.7116419893113745
rxn_1619,-0.7738659212916701,0.6333494579325024
rmg_rxn_15531,-0.06290952092110369,0.9980192343725031
rxn_576,0.0470477688017358,0.9988926406029721
rmg_rxn_37,-0.3172068050026421,0.9483563902141514
rmg_rxn_512,0.511623693298173,0.8592096347550677
rxn_830,0.9218862412869178,-0.3874606536487014
rxn_671,8.47302353336068e-06,0.9999999999641039
rxn_698,-4.3804051179655446e-05,0.9999999990406025
rxn_1561,-0.3808842888072812,0.9246227114557438
rmg_rxn_15524,-0.7509302355086079,0.6603815422912626
rmg_rxn_371,-0.5192673251591136,0.8546118680559611
kfir_rxn_4303,-0.6505732951395646,0.7594434723211787
kfir_rxn_9409,-5.177931384575588e-05,-0.9999999986594513
rmg_rxn_20,-0.8941575690948472,-0.44775243341649573
rxn_1453,-0.0005390445062818185,0.9999998547154996
rmg_rxn_15605,-0.20034958291546026,0.9797244738321081
rmg_rxn_16741,-0.0002203548380443853,0.9999999757218724
rmg_rxn_180,0.999874596693253,-0.015836378610802906
rxn_1468,0.9779545561263256,0.2088178300619019
rxn_1077,0.9908896078615673,0.13467659422464376
rxn_693,-0.9480876349381092,0.31800917671894713
rmg_rxn_16646,0.4917041071409774,0.8707623504841572
rmg_rxn_15485,0.5662350644901814,-0.824243806007543
rxn_3199,-0.9994270527527755,0.03384621435110213
rmg_rxn_1446,-0.16684927185794565,0.9859824138799197
rmg_rxn_319,-0.3245416161474895,0.9458714179994951
rxn_1890,-0.7296971258672944,0.6837705057261609
rmg_rxn_15716,0.20157813927230198,0.9794724364511318
kfir_rxn_11663,0.46482671847017215,-0.8854016725736694
rxn_53,0.8740994737865795,0.4857469607995759
